Trade_ID;Time;Day;Items1;Items2;All_Items;Items1_Owner;Items2_Owner;League_ID;Draft_Rounds;Total_Rosters;Total_Players;Start_Players;Rec_Bonus;Rec_Bonus_TE;Pass_TD
786476037524619264;1641873540667;44572.1660;"2022-10.11; 2022-20.11; 2022-05.11";2022-03.10;"2022-10.11; 2022-20.11; 2022-05.11; 2022-03.10";331840960776400896;12;785273380541718528;29;12;25;10;1.0;0.8;4.0
786467850608046080;1641872241817;44572.1509;2022-07.07;2023-01;"2022-07.07; 2023-01";376253332102197248;712118842498842624;785212348771250176;31;12;26;10;1.0;1.0;6.0
786446959677399040;1641867793689;44572.0995;2022-12.06;"2022-13.07; 2023-03";"2022-12.06; 2022-13.07; 2023-03";681984625580503040;664728348852809728;777351793196785664;29;12;24;10;1.0;0.5;6.0
786448619879399424;1641866604499;44572.0857;"2022-02.05; 2022-05.05; 2023-01";2022-02.10;"2022-02.05; 2022-05.05; 2023-01; 2022-02.10";720022952007012352;786444171505459200;786382241352826880;36;12;31;11;1.0;0.8;6.0
786446803838099456;1641866309331;44572.0823;"2022-11.06; 2022-13.06";"2022-10.05; 2022-16.05";"2022-11.06; 2022-13.06; 2022-10.05; 2022-16.05";409471272360087552;783787995248619520;784578152352567296;27;12;22;10;1.0;1.0;6.0
786443235110330368;1641865226362;44572.0697;"2022-05.08; 2023-02";"2022-11.09; 2022-04.09";"2022-05.08; 2023-02; 2022-11.09; 2022-04.09";458783053464989696;441734630492598272;781936718688485376;29;12;28;11;0.5;1.5;6.0
786441315524198400;1641864844639;44572.0653;"2022-01.03; 2022-04.03";"2022-02.04; 2022-03.04; 2023-01";"2022-01.03; 2022-04.03; 2022-02.04; 2022-03.04; 2023-01";383805660913020928;410847106882867200;786382241352826880;36;12;31;11;1.0;0.8;6.0
786434480935190528;1641863363789;44572.0482;"2022-12.04; 2022-15.09";2022-12.11;"2022-12.04; 2022-15.09; 2022-12.11";459573837260910592;466731039021068288;777351793196785664;29;12;24;10;1.0;0.5;6.0
786421177152286720;1641861834673;44572.0305;"2022-01.06; 2023-03";"2022-04.01; 2022-05.01";"2022-01.06; 2023-03; 2022-04.01; 2022-05.01";378007414588334080;331840960776400896;785273380541718528;29;12;25;10;1.0;0.8;4.0
786413528054620160;1641858477970;44571.9916;"2023-02; 2022-07.04; 2023-01; 2023-02";"2022-05.09; 2022-06.09";"2023-02; 2022-07.04; 2023-01; 2023-02; 2022-05.09; 2022-06.09";458783053464989696;516480347258904576;781936718688485376;29;12;28;11;0.5;1.5;6.0
786400005165568000;1641855040075;44571.9519;"2022-16.03; 2022-06.03; 2022-09.03";2022-03.07;"2022-16.03; 2022-06.03; 2022-09.03; 2022-03.07";488876181962092544;445312705687973888;785273380541718528;29;12;25;10;1.0;0.8;4.0
786387815503155200;1641852251132;44571.9196;"2022-06.12; 2022-07.12; 2023-02";"2022-05.05; 2022-09.05";"2022-06.12; 2022-07.12; 2023-02; 2022-05.05; 2022-09.05";544967511928479744;601587572891783168;782713514853834752;30;14;26;10;1.0;0.5;6.0
786381037998567424;1641850675947;44571.9013;"2022-11.01; 2022-20.01";"2022-13.07; 2022-15.07";"2022-11.01; 2022-20.01; 2022-13.07; 2022-15.07";326447651388153856;710922918669930496;784371627419942912;36;12;30;10;1.0;0.5;6.0
786374388349079552;1641848912722;44571.8809;"2022-05.06; 2022-08.06";2022-04.09;"2022-05.06; 2022-08.06; 2022-04.09";464883454392135680;412324195087687680;784488038934908928;28;12;24;9;1.0;0.0;4.0
786371564416417792;1641848357655;44571.8745;"2022-14.10; 2022-04.10; 2022-07.10; 2023-02";"2022-14.03; 2022-03.03; 2022-07.03";"2022-14.10; 2022-04.10; 2022-07.10; 2023-02; 2022-14.03; 2022-03.03; 2022-07.03";649079667516735488;6;785497608054571008;36;12;31;11;1.0;0.5;6.0
786357335944708096;1641844723917;44571.8325;"2022-10.02; 2022-14.02";2022-10.07;"2022-10.02; 2022-14.02; 2022-10.07";326447651388153856;725562029708005376;784371627419942912;36;12;30;10;1.0;0.5;6.0
786348658638630912;1641843805698;44571.8218;"2022-06.10; 2022-09.10";"2022-12.11; 2022-14.11; 2023-01";"2022-06.10; 2022-09.10; 2022-12.11; 2022-14.11; 2023-01";387025223876403200;545746701559980032;781936718688485376;29;12;28;11;0.5;1.5;6.0
786105580241821696;1641843051133;44571.8131;2022-08.09;2022-05.06;"2022-08.09; 2022-05.06";470709408007974912;665264613645950976;782713514853834752;30;14;26;10;1.0;0.5;6.0
786345043177971712;1641841820918;44571.7989;"2022-06.07; 2022-10.11; 2022-08.11";"2022-10.08; 2022-08.08; 2022-06.10";"2022-06.07; 2022-10.11; 2022-08.11; 2022-10.08; 2022-08.08; 2022-06.10";607299527480799232;548372097515290624;785212348771250176;31;12;26;10;1.0;1.0;6.0
786314888325832704;1641841120717;44571.7907;"2023-01; 2023-01";"2022-14.04; 2022-03.04";"2023-01; 2023-01; 2022-14.04; 2022-03.04";555859066964803584;543080442010976256;785497608054571008;36;12;31;11;1.0;0.5;6.0
786327008991936512;1641840018704;44571.7780;"2022-04.04; 2022-09.04";2022-03.01;"2022-04.04; 2022-09.04; 2022-03.01";663953745977094144;555859066964803584;785497608054571008;36;12;31;11;1.0;0.5;6.0
786334238994771968;1641839245877;44571.7690;"2022-05.01; 2022-07.01";"2022-05.11; 2022-06.11";"2022-05.01; 2022-07.01; 2022-05.11; 2022-06.11";474298520946339840;467168223775682560;782713514853834752;30;14;26;10;1.0;0.5;6.0
786068664171622400;1641838662210;44571.7623;2022-22.06;"2022-23.07; 2022-27.07";"2022-22.06; 2022-23.07; 2022-27.07";569413645557047296;781526079172161536;779421624062623744;27;12;27;12;1.0;1.0;6.0
786328061514760192;1641838543009;44571.7609;"2024-01; 2024-01";2022-01.11;"2024-01; 2024-01; 2022-01.11";422833036975931392;417390641681530880;784608628895264768;4;12;24;9;1.0;0.5;4.0
786330727108136960;1641838392061;44571.7592;"2023-02; 2022-04.01";2022-03.09;"2023-02; 2022-04.01; 2022-03.09";464883454392135680;467565377203728384;784488038934908928;28;12;24;9;1.0;0.0;4.0
786320604281380864;1641836162360;44571.7334;2022-07.06;2023-01;"2022-07.06; 2023-01";337973555583021056;660165823138181120;784821383803895808;28;12;23;10;1.0;0.5;6.0
786316595881422848;1641835020781;44571.7201;"2022-03.09; 2022-08.09";2022-02.01;"2022-03.09; 2022-08.09; 2022-02.01";663953745977094144;12;785497608054571008;36;12;31;11;1.0;0.5;6.0
786310465646096384;1641833896108;44571.7071;"2022-05.12; 2022-06.12; 2022-09.12";"2022-03.07; 2022-08.02";"2022-05.12; 2022-06.12; 2022-09.12; 2022-03.07; 2022-08.02";210492378203557888;425996774642032640;784488038934908928;28;12;24;9;1.0;0.0;4.0
786309813704458240;1641833814619;44571.7062;2022-04.12;2022-04.10;"2022-04.12; 2022-04.10";467622637141487616;441241851643555840;784821383803895808;28;12;23;10;1.0;0.5;6.0
786310929825579008;1641833745077;44571.7054;2023-04;2023-04;"2023-04; 2023-04";86275677913235456;458783053464989696;781936718688485376;29;12;28;11;0.5;1.5;6.0
786309658578145280;1641833476308;44571.7023;"2022-11.12; 2022-15.12; 2023-01";"2022-07.10; 2022-08.10";"2022-11.12; 2022-15.12; 2023-01; 2022-07.10; 2022-08.10";545746701559980032;415552290989019136;781936718688485376;29;12;28;11;0.5;1.5;6.0
786307804704129024;1641833154971;44571.6986;"2022-12.08; 2023-01";2022-05.10;"2022-12.08; 2023-01; 2022-05.10";545746701559980032;441734630492598272;781936718688485376;29;12;28;11;0.5;1.5;6.0
786289930665070592;1641828901317;44571.6493;2022-06.11;2023-01;"2022-06.11; 2023-01";607745918606831616;86275677913235456;781936718688485376;29;12;28;11;0.5;1.5;6.0
786289981755875328;1641828704971;44571.6470;2022-06.06;"2022-14.05; 2023-01";"2022-06.06; 2022-14.05; 2023-01";607745918606831616;466731039021068288;781936718688485376;29;12;28;11;0.5;1.5;6.0
786285377240571904;1641827868324;44571.6374;"2022-06.07; 2022-03.05";"2022-04.01; 2022-05.01; 2022-06.01";"2022-06.07; 2022-03.05; 2022-04.01; 2022-05.01; 2022-06.01";426068114216595456;467565377203728384;784488038934908928;28;12;24;9;1.0;0.0;4.0
786260696387162112;1641822109529;44571.5707;"2022-04.06; 2023-02; 2023-04; 2023-05";2022-03.10;"2022-04.06; 2023-02; 2023-04; 2023-05; 2022-03.10";488876181962092544;331840960776400896;785273380541718528;29;12;25;10;1.0;0.8;4.0
786252113767530496;1641819632389;44571.5420;"2022-02.08; 2023-02";"2022-02.02; 2023-01";"2022-02.08; 2023-02; 2022-02.02; 2023-01";651178060837675008;543080442010976256;785497608054571008;36;12;31;11;1.0;0.5;6.0
786187586183094272;1641804732736;44571.3696;"2022-14.05; 2022-02.05; 2022-08.05";"2022-17.12; 2022-02.12";"2022-14.05; 2022-02.05; 2022-08.05; 2022-17.12; 2022-02.12";697751939391246336;700691079468515328;785497608054571008;36;12;31;11;1.0;0.5;6.0
786101592821891072;1641784297600;44571.1331;"2022-04.09; 2022-09.09";"2022-04.01; 2022-06.01";"2022-04.09; 2022-09.09; 2022-04.01; 2022-06.01";467168223775682560;665264613645950976;782713514853834752;30;14;26;10;1.0;0.5;6.0
786082009184403456;1641779107182;44571.0730;2022-04.07;"2022-04.13; 2023-03";"2022-04.07; 2022-04.13; 2023-03";603632584265629696;418894823118880768;782713514853834752;30;14;26;10;1.0;0.5;6.0
786062764983877632;1641776509026;44571.0429;"2022-07.12; 2022-09.12; 2023-02";"2022-12.07; 2022-06.04";"2022-07.12; 2022-09.12; 2023-02; 2022-12.07; 2022-06.04";68099914655481856;303383289639473152;783892105377705984;31;12;27;12;1.0;1.0;6.0
786067223134789632;1641775862581;44571.0354;"2022-07.10; 2024-02";2022-03.13;"2022-07.10; 2024-02; 2022-03.13";603632584265629696;455641124216762368;782713514853834752;30;14;26;10;1.0;0.5;6.0
785995769483538432;1641775718344;44571.0338;2022-22.06;"2022-23.07; 2022-27.07";"2022-22.06; 2022-23.07; 2022-27.07";781526079172161536;569413645557047296;779421624062623744;27;12;27;12;1.0;1.0;6.0
786062019475734528;1641775214620;44571.0279;"2022-11.11; 2022-03.11; 2022-07.11";2022-02.10;"2022-11.11; 2022-03.11; 2022-07.11; 2022-02.10";488876181962092544;12;785273380541718528;29;12;25;10;1.0;0.8;4.0
786061914894872576;1641774371781;44571.0182;"2022-04.01; 2022-06.01; 2022-07.01";"2022-06.11; 2022-09.11; 2022-02.02";"2022-04.01; 2022-06.01; 2022-07.01; 2022-06.11; 2022-09.11; 2022-02.02";387025223876403200;86275677913235456;781936718688485376;29;12;28;11;0.5;1.5;6.0
786046758580207616;1641773304079;44571.0058;"2022-07.11; 2022-02.04";"2022-02.02; 2022-06.02; 2023-02";"2022-07.11; 2022-02.04; 2022-02.02; 2022-06.02; 2023-02";452174071480709120;387025223876403200;781936718688485376;29;12;28;11;0.5;1.5;6.0
786009258851520512;1641772683801;44570.9987;"2022-09.07; 2022-08.04";"2022-16.05; 2022-06.05";"2022-09.07; 2022-08.04; 2022-16.05; 2022-06.05";725815387740008448;394874025500762112;783892105377705984;31;12;27;12;1.0;1.0;6.0
786047868980334592;1641770935899;44570.9784;"2022-03.10; 2022-04.10; 2022-06.10";"2022-03.08; 2022-04.08; 2022-06.08";"2022-03.10; 2022-04.10; 2022-06.10; 2022-03.08; 2022-04.08; 2022-06.08";607299527480799232;784975905956155392;785212348771250176;31;12;26;10;1.0;1.0;6.0
786042149748871168;1641769593196;44570.9629;2022-08.09;"2022-09.08; 2022-13.04";"2022-08.09; 2022-09.08; 2022-13.04";491780538269429760;725562029708005376;784371627419942912;36;12;30;10;1.0;0.5;6.0
786034354060423168;1641768072658;44570.9453;"2022-03.07; 2022-04.07; 2022-06.07";"2022-03.11; 2022-04.11; 2022-06.11";"2022-03.07; 2022-04.07; 2022-06.07; 2022-03.11; 2022-04.11; 2022-06.11";548372097515290624;712118842498842624;785212348771250176;31;12;26;10;1.0;1.0;6.0
785951202985971712;1641767937418;44570.9437;2022-22.12;"2022-23.09; 2022-24.09";"2022-22.12; 2022-23.09; 2022-24.09";781637529819533312;462422822560460800;779421624062623744;27;12;27;12;1.0;1.0;6.0
786029609157529600;1641766667908;44570.9290;2022-01.10;"2022-10.07; 2022-03.07; 2022-06.07";"2022-01.10; 2022-10.07; 2022-03.07; 2022-06.07";460715799456247808;488876181962092544;785273380541718528;29;12;25;10;1.0;0.8;4.0
786013126952009728;1641762701739;44570.8831;"2022-13.04; 2023-02";2022-12.08;"2022-13.04; 2023-02; 2022-12.08";469200335617912832;735352334758035456;775462931835027456;26;12;22;10;1.0;0.5;6.0
786011602087788544;1641762314729;44570.8786;2022-03.11;"2022-10.04; 2022-04.04; 2022-06.04";"2022-03.11; 2022-10.04; 2022-04.04; 2022-06.04";507342456175165440;72859096185192448;784467190534569984;10;12;29;9;1.0;0.0;4.0
786010698479362048;1641762072950;44570.8758;"2022-10.08; 2022-03.08";2022-05.03;"2022-10.08; 2022-03.08; 2022-05.03";459510623156301824;388805968164573184;782713514853834752;30;14;26;10;1.0;0.5;6.0
786006135814885376;1641760979240;44570.8632;"2023-02; 2022-13.03";2022-11.10;"2023-02; 2022-13.03; 2022-11.10";454707770139078656;737494662067179520;775462931835027456;26;12;22;10;1.0;0.5;6.0
786005942314799104;1641760976206;44570.8632;"2022-11.10; 2022-08.10";2022-07.04;"2022-11.10; 2022-08.10; 2022-07.04";625726142183182336;636432103546044416;784891197461213184;28;12;27;12;1.0;1.0;6.0
785998108567130112;1641759799256;44570.8495;2022-02.04;"2022-03.11; 2023-02";"2022-02.04; 2022-03.11; 2023-02";387025223876403200;516480347258904576;781936718688485376;29;12;28;11;0.5;1.5;6.0
785999367844036608;1641759502277;44570.8461;2022-24.03;2022-13.07;"2022-24.03; 2022-13.07";418894823118880768;459510623156301824;782713514853834752;30;14;26;10;1.0;0.5;6.0
785996784911867904;1641758779677;44570.8377;"2022-04.07; 2023-01";2022-02.05;"2022-04.07; 2023-01; 2022-02.05";607745918606831616;417307229499179008;781936718688485376;29;12;28;11;0.5;1.5;6.0
785982230882398208;1641755370687;44570.7983;"2022-13.12; 2023-01";2022-06.01;"2022-13.12; 2023-01; 2022-06.01";580511364619997184;633221999375749120;784891197461213184;28;12;27;12;1.0;1.0;6.0
785967211319001088;1641751868705;44570.7577;"2023-02; 2023-02";2022-10.06;"2023-02; 2023-02; 2022-10.06";607805996965900288;343160077068398592;775462931835027456;26;12;22;10;1.0;0.5;6.0
785964226794926080;1641751167066;44570.7496;"2022-05.02; 2022-08.02";"2022-05.11; 2022-07.11";"2022-05.02; 2022-08.02; 2022-05.11; 2022-07.11";77040618551263232;648415498987466752;783892105377705984;31;12;27;12;1.0;1.0;6.0
785963336985657344;1641750992714;44570.7476;2022-10.05;"2023-02; 2024-02";"2022-10.05; 2023-02; 2024-02";741712695706976256;507021423273172992;775462931835027456;26;12;22;10;1.0;0.5;6.0
785956321911828480;1641749404195;44570.7292;2022-11.05;2022-09.06;"2022-11.05; 2022-09.06";664728348852809728;603632584265629696;777351793196785664;29;12;24;10;1.0;0.5;6.0
785881298878259200;1641744113846;44570.6680;"2022-17.06; 2022-08.06";"2022-19.12; 2022-07.12";"2022-17.06; 2022-08.06; 2022-19.12; 2022-07.12";644112018420375552;783787995248619520;784578152352567296;27;12;22;10;1.0;1.0;6.0
785924518748254208;1641741532965;44570.6381;2022-10.03;"2022-10.11; 2022-09.11";"2022-10.03; 2022-10.11; 2022-09.11";359515793031217152;455483196419600384;781632371958116352;30;12;21;9;1.0;1.0;6.0
785922085175353344;1641741276225;44570.6351;"2022-10.10; 2023-01; 2023-02";"2022-09.09; 2022-09.08";"2022-10.10; 2023-01; 2023-02; 2022-09.09; 2022-09.08";474298520946339840;468954781642125312;777351793196785664;29;12;24;10;1.0;0.5;6.0
785912990871482368;1641739785328;44570.6179;"2022-03.02; 2022-03.05";"2022-03.07; 2022-04.07; 2022-06.05";"2022-03.02; 2022-03.05; 2022-03.07; 2022-04.07; 2022-06.05";467565377203728384;210492378203557888;784488038934908928;28;12;24;9;1.0;0.0;4.0
785802388316524544;1641737844416;44570.5954;"2022-17.11; 2022-20.11; 2022-28.11";2022-15.04;"2022-17.11; 2022-20.11; 2022-28.11; 2022-15.04";516711851562909696;608208607703531520;781925394575151104;28;12;27;12;1.0;1.0;6.0
785811359760797696;1641714572701;44570.3261;"2022-03.02; 2022-05.02";"2022-11.11; 2022-02.11";"2022-03.02; 2022-05.02; 2022-11.11; 2022-02.11";387025223876403200;452174071480709120;781936718688485376;29;12;28;11;0.5;1.5;6.0
785780530028404736;1641710745817;44570.2818;"2022-04.02; 2022-07.02";2022-02.03;"2022-04.02; 2022-07.02; 2022-02.03";656356608636461056;452174071480709120;781936718688485376;29;12;28;11;0.5;1.5;6.0
785766137526063104;1641703776589;44570.2011;2022-09.09;2022-09.03;"2022-09.09; 2022-09.03";455483196419600384;667782110911725568;781632371958116352;30;12;21;9;1.0;1.0;6.0
785761409744216064;1641702637680;44570.1879;2023-01;"2022-02.09; 2022-02.06; 2022-03.02";"2023-01; 2022-02.09; 2022-02.06; 2022-03.02";73219595003379712;729594274810826752;784361585476042752;4;12;28;10;0.5;0.0;4.0
785665162517647360;1641702399764;44570.1852;"2022-16.08; 2022-19.08";2022-15.05;"2022-16.08; 2022-19.08; 2022-15.05";729067666702196736;569413645557047296;781925394575151104;28;12;27;12;1.0;1.0;6.0
785737370191675392;1641701969468;44570.1802;2022-05.02;"2022-06.09; 2023-01";"2022-05.02; 2022-06.09; 2023-01";461682883761795072;464618237905072128;781250702738624512;61;12;47;12;0.5;1.0;6.0
785756778410577920;1641701540725;44570.1752;2022-15.03;2022-08.06;"2022-15.03; 2022-08.06";346840590690000896;455483196419600384;781632371958116352;30;12;21;9;1.0;1.0;6.0
785751956659597312;1641700752594;44570.1661;2023-01;"2022-02.09; 2022-02.06; 2022-03.02";"2023-01; 2022-02.09; 2022-02.06; 2022-03.02";729594274810826752;73219595003379712;784361585476042752;4;12;28;10;0.5;0.0;4.0
785748528055132160;1641699620578;44570.1530;2022-08.09;2022-08.02;"2022-08.09; 2022-08.02";359515793031217152;667782110911725568;781632371958116352;30;12;21;9;1.0;1.0;6.0
785724380792897536;1641696943061;44570.1220;"2022-05.03; 2022-10.01";"2022-06.06; 2022-07.06";"2022-05.03; 2022-10.01; 2022-06.06; 2022-07.06";67118721910849536;580511364619997184;784891197461213184;28;12;27;12;1.0;1.0;6.0
785736013246218240;1641696719737;44570.1194;"2022-08.07; 2023-02";"2022-10.03; 2023-01";"2022-08.07; 2023-02; 2022-10.03; 2023-01";737494662067179520;454775232125726720;775462931835027456;26;12;22;10;1.0;0.5;6.0
785732855514042368;1641696463892;44570.1165;"2022-28.01; 2022-29.01";"2022-27.05; 2022-30.05";"2022-28.01; 2022-29.01; 2022-27.05; 2022-30.05";716890313033064448;659912564683124736;778041192968527872;35;12;34;10;1.0;0.5;6.0
785717560170815488;1641696117234;44570.1125;"2022-12.10; 2022-14.10";"2022-13.02; 2022-14.02";"2022-12.10; 2022-14.10; 2022-13.02; 2022-14.02";736017233339392000;459793318864220160;784190849499197440;25;12;25;9;1.0;0.5;6.0
785720209570091008;1641693101635;44570.0776;2022-16.01;2022-07.06;"2022-16.01; 2022-07.06";346840590690000896;727571792079708160;781632371958116352;30;12;21;9;1.0;1.0;6.0
785719058623754240;1641692910203;44570.0753;"2022-10.02; 2022-04.02";"2022-05.08; 2022-06.08";"2022-10.02; 2022-04.02; 2022-05.08; 2022-06.08";785574817167478784;455629952855830528;784891197461213184;28;12;27;12;1.0;1.0;6.0
785713780658237440;1641692182049;44570.0669;"2022-02.11; 2022-04.11; 2022-09.11";"2022-02.03; 2022-03.03; 2022-08.03";"2022-02.11; 2022-04.11; 2022-09.11; 2022-02.03; 2022-03.03; 2022-08.03";644015452758310912;451134466321018880;784988166229786624;26;12;22;10;1.0;0.0;4.0
785715378490884096;1641692135262;44570.0664;"2022-04.03; 2022-05.03; 2022-07.03; 2022-09.03";"2022-04.01; 2022-05.01; 2022-07.01; 2022-09.01";"2022-04.03; 2022-05.03; 2022-07.03; 2022-09.03; 2022-04.01; 2022-05.01; 2022-07.01; 2022-09.01";580511364619997184;73932174516436992;784891197461213184;28;12;27;12;1.0;1.0;6.0
785714213384581120;1641691473680;44570.0587;2022-05.03;"2022-08.05; 2023-01; 2023-02";"2022-05.03; 2022-08.05; 2023-01; 2023-02";677230196385968128;531520348296617984;784821383803895808;28;12;23;10;1.0;0.5;6.0
785709498332610560;1641690363730;44570.0459;"2022-02.01; 2022-03.01";"2022-02.10; 2022-04.10";"2022-02.01; 2022-03.01; 2022-02.10; 2022-04.10";426046696129048576;426068114216595456;784488038934908928;28;12;24;9;1.0;0.0;4.0
785703822776590336;1641688950719;44570.0295;"2023-01; 2022-03.05; 2023-03";2022-02.12;"2023-01; 2022-03.05; 2023-03; 2022-02.12";210492378203557888;429115513193369600;784488038934908928;28;12;24;9;1.0;0.0;4.0
785688168145174528;1641688253488;44570.0215;"2022-04.04; 2022-09.04";"2022-03.10; 2022-12.05";"2022-04.04; 2022-09.04; 2022-03.10; 2022-12.05";725815387740008448;394874025500762112;783892105377705984;31;12;27;12;1.0;1.0;6.0
785671555316604928;1641685546842;44569.9901;"2022-07.11; 2022-08.11";"2022-07.02; 2022-08.02";"2022-07.11; 2022-08.11; 2022-07.02; 2022-08.02";341383158710693888;359515793031217152;781632371958116352;30;12;21;9;1.0;1.0;6.0
785685745259175936;1641684913794;44569.9828;"2022-03.12; 2023-01";"2022-03.03; 2023-03";"2022-03.12; 2023-01; 2022-03.03; 2023-03";729948039296458752;303383289639473152;783892105377705984;31;12;27;12;1.0;1.0;6.0
785678079199932416;1641683722613;44569.9690;"2022-01.10; 2022-06.10";"2022-02.05; 2022-04.05";"2022-01.10; 2022-06.10; 2022-02.05; 2022-04.05";429115513193369600;426046696129048576;784488038934908928;28;12;24;9;1.0;0.0;4.0
785675097662103552;1641682082006;44569.9500;2022-05.08;"2022-10.08; 2022-08.08";"2022-05.08; 2022-10.08; 2022-08.08";491780538269429760;721601629761122304;784371627419942912;36;12;30;10;1.0;0.5;6.0
785668139987009536;1641680439378;44569.9310;"2022-02.07; 2022-05.07; 2023-01";"2022-01.05; 2022-06.05";"2022-02.07; 2022-05.07; 2023-01; 2022-01.05; 2022-06.05";429115513193369600;467565377203728384;784488038934908928;28;12;24;9;1.0;0.0;4.0
785665407179968512;1641680260719;44569.9289;2022-04.03;"2022-07.12; 2023-01; 2023-02";"2022-04.03; 2022-07.12; 2023-01; 2023-02";441241851643555840;343205059909124096;784821383803895808;28;12;23;10;1.0;0.5;6.0
785658721669087232;1641678180588;44569.9049;2022-02.05;"2022-03.10; 2022-09.10; 2023-01";"2022-02.05; 2022-03.10; 2022-09.10; 2023-01";569413645557047296;725815387740008448;783892105377705984;31;12;27;12;1.0;1.0;6.0
785632500226801664;1641676286040;44569.8829;2022-02.07;"2022-10.02; 2022-03.02; 2023-03";"2022-02.07; 2022-10.02; 2022-03.02; 2023-03";648415498987466752;729948039296458752;783892105377705984;31;12;27;12;1.0;1.0;6.0
785641108154904576;1641674580735;44569.8632;"2022-12.07; 2022-13.07; 2023-01";"2022-11.02; 2022-13.11; 2023-02";"2022-12.07; 2022-13.07; 2023-01; 2022-11.02; 2022-13.11; 2023-02";697751939391246336;468579715238588416;784190849499197440;25;12;25;9;1.0;0.5;6.0
785638556801720320;1641673417637;44569.8497;"2022-05.03; 2023-02";"2022-06.02; 2023-01";"2022-05.03; 2023-02; 2022-06.02; 2023-01";343160077068398592;737494662067179520;775462931835027456;28;12;22;10;1.0;0.5;6.0
785638174297919488;1641673360962;44569.8491;"2022-02.12; 2023-01";2022-01.02;"2022-02.12; 2023-01; 2022-01.02";210492378203557888;425996774642032640;784488038934908928;28;12;24;9;1.0;0.0;4.0
785633134514487296;1641673005737;44569.8450;"2022-11.03; 2022-04.03; 2022-09.03";"2022-11.07; 2022-04.07; 2022-09.07";"2022-11.03; 2022-04.03; 2022-09.03; 2022-11.07; 2022-04.07; 2022-09.07";343205059909124096;531520348296617984;784821383803895808;28;12;23;10;1.0;0.5;6.0
785616193288704000;1641669888184;44569.8089;"2022-02.02; 2022-07.02";"2022-15.08; 2022-02.08";"2022-02.02; 2022-07.02; 2022-15.08; 2022-02.08";428985467149504512;648415498987466752;783892105377705984;31;12;27;12;1.0;1.0;6.0
785617210730336256;1641668457650;44569.7923;"2022-11.09; 2022-13.09; 2022-08.09";"2022-15.02; 2022-09.02";"2022-11.09; 2022-13.09; 2022-08.09; 2022-15.02; 2022-09.02";417374204212547584;474298520946339840;777351793196785664;29;12;24;10;1.0;0.5;6.0
785611265765867520;1641666873757;44569.7740;"2022-11.06; 2022-17.06; 2022-04.06; 2022-07.06";"2022-11.11; 2022-17.11; 2022-04.11; 2022-07.11";"2022-11.06; 2022-17.06; 2022-04.06; 2022-07.06; 2022-11.11; 2022-17.11; 2022-04.11; 2022-07.11";660165823138181120;429427535407763456;784821383803895808;28;12;23;10;1.0;0.5;6.0
785606654233464832;1641666352241;44569.7680;"2022-12.04; 2022-08.08";"2022-10.01; 2022-09.01";"2022-12.04; 2022-08.08; 2022-10.01; 2022-09.01";466731039021068288;467180665419329536;777351793196785664;29;12;24;10;1.0;0.5;6.0
785593758698823680;1641663512964;44569.7351;"2022-09.07; 2022-02.10";"2022-06.04; 2022-02.01";"2022-09.07; 2022-02.10; 2022-06.04; 2022-02.01";394874025500762112;68099914655481856;783892105377705984;31;12;27;12;1.0;1.0;6.0
785596796247375872;1641663494010;44569.7349;2022-02.07;"2022-02.03; 2022-08.03";"2022-02.07; 2022-02.03; 2022-08.03";729948039296458752;68099914655481856;783892105377705984;31;12;27;12;1.0;1.0;6.0
785594031466991616;1641662774553;44569.7266;"2022-03.01; 2022-07.01";2022-03.06;"2022-03.01; 2022-07.01; 2022-03.06";461662759449260032;730841982221553664;781250702738624512;61;12;47;12;0.5;1.0;6.0
785592060098007040;1641662385851;44569.7221;2022-30.06;2022-30.03;"2022-30.06; 2022-30.03";578632888799510528;569413645557047296;776591166320852992;30;12;27;12;1.0;1.0;6.0
785589711375892480;1641661823369;44569.7155;"2022-15.09; 2022-07.11";2023-01;"2022-15.09; 2022-07.11; 2023-01";466731039021068288;474298520946339840;777351793196785664;29;12;24;10;1.0;0.5;6.0
785588747008913408;1641661499572;44569.7118;"2022-01.10; 2022-08.10";"2022-02.08; 2022-05.07";"2022-01.10; 2022-08.10; 2022-02.08; 2022-05.07";418894823118880768;455641124216762368;782713514853834752;30;14;26;10;1.0;0.5;6.0
785581013026893824;1641659735463;44569.6914;"2023-02; 2022-08.08";"2022-19.08; 2022-07.03";"2023-02; 2022-08.08; 2022-19.08; 2022-07.03";467180665419329536;603632584265629696;777351793196785664;29;12;24;10;1.0;0.5;6.0
785566083473154048;1641658035619;44569.6717;2023-01;2022-06.03;"2023-01; 2022-06.03";474298520946339840;467180665419329536;777351793196785664;29;12;24;10;1.0;0.5;6.0
785568861876551680;1641657061800;44569.6604;"2022-01.13; 2022-02.13; 2022-08.13";"2022-01.08; 2022-03.07; 2022-07.07";"2022-01.13; 2022-02.13; 2022-08.13; 2022-01.08; 2022-03.07; 2022-07.07";418894823118880768;603632584265629696;782713514853834752;30;14;26;10;1.0;0.5;6.0
785566706096545792;1641656785510;44569.6572;"2022-12.09; 2022-05.09; 2022-06.09";"2022-04.08; 2022-10.11; 2022-09.11";"2022-12.09; 2022-05.09; 2022-06.09; 2022-04.08; 2022-10.11; 2022-09.11";737056751731527680;299252645695066112;784371627419942912;36;12;30;10;1.0;0.5;6.0
785557951606890496;1641654583558;44569.6318;2022-06.04;"2023-02; 2022-07.10";"2022-06.04; 2023-02; 2022-07.10";466731039021068288;603632584265629696;777351793196785664;29;12;24;10;1.0;0.5;6.0
785557943855726592;1641654355235;44569.6291;"2022-01.07; 2022-02.07";"2022-01.08; 2022-02.08; 2023-03";"2022-01.07; 2022-02.07; 2022-01.08; 2022-02.08; 2023-03";388805968164573184;418894823118880768;782713514853834752;30;14;26;10;1.0;0.5;6.0
785380374720221184;1641612053790;44569.1395;"2022-02.06; 2022-05.06";"2022-04.09; 2022-05.09";"2022-02.06; 2022-05.06; 2022-04.09; 2022-05.09";461682883761795072;461662759449260032;781250702738624512;61;12;47;12;0.5;1.0;6.0
785379573708804096;1641611613229;44569.1344;2022-01.07;"2022-02.10; 2022-05.10";"2022-01.07; 2022-02.10; 2022-05.10";569413645557047296;68099914655481856;783892105377705984;31;12;27;12;1.0;1.0;6.0
785365339037966336;1641609203853;44569.1065;"2022-04.08; 2022-04.12; 2022-09.12";"2022-13.11; 2022-05.11; 2022-07.11; 2022-06.07";"2022-04.08; 2022-04.12; 2022-09.12; 2022-13.11; 2022-05.11; 2022-07.11; 2022-06.07";737056751731527680;721601629761122304;784371627419942912;36;12;30;10;1.0;0.5;6.0
785365745780535296;1641608658914;44569.1002;"2022-01.04; 2022-02.04";"2022-01.01; 2022-02.01";"2022-01.04; 2022-02.04; 2022-01.01; 2022-02.01";729116941901508608;394874025500762112;783892105377705984;31;12;27;12;1.0;1.0;6.0
785364663742353408;1641608115548;44569.0939;2022-06.12;2022-06.04;"2022-06.12; 2022-06.04";604431797605986304;603632584265629696;777351793196785664;29;12;24;10;1.0;0.5;6.0
785359657043693568;1641606884994;44569.0797;"2022-08.09; 2022-03.12";"2022-05.02; 2022-06.02";"2022-08.09; 2022-03.12; 2022-05.02; 2022-06.02";725562029708005376;721601629761122304;784371627419942912;36;12;30;10;1.0;0.5;6.0
785353471145725952;1641605797577;44569.0671;"2022-10.12; 2022-09.09";"2022-12.02; 2022-12.11";"2022-10.12; 2022-09.09; 2022-12.02; 2022-12.11";736017233339392000;486383191502876672;784190849499197440;25;12;25;9;1.0;0.5;6.0
785353490263293952;1641605602072;44569.0648;"2022-06.03; 2022-07.03; 2022-09.03";"2022-11.02; 2022-04.02";"2022-06.03; 2022-07.03; 2022-09.03; 2022-11.02; 2022-04.02";343160077068398592;737494662067179520;775462931835027456;28;12;22;10;1.0;0.5;6.0
785340719526207488;1641603082713;44569.0357;2022-02.06;"2022-03.08; 2022-03.10";"2022-02.06; 2022-03.08; 2022-03.10";469200335617912832;607805996965900288;775462931835027456;28;12;22;10;1.0;0.5;6.0
785341087622520832;1641603064065;44569.0355;2022-04.03;"2022-07.04; 2022-09.04";"2022-04.03; 2022-07.04; 2022-09.04";471041706242863104;459510623156301824;782713514853834752;30;14;26;10;1.0;0.5;6.0
785331259562954752;1641603012087;44569.0349;"2022-04.01; 2023-01";2022-03.03;"2022-04.01; 2023-01; 2022-03.03";737494662067179520;723038315955179520;775462931835027456;28;12;22;10;1.0;0.5;6.0
785334502993022976;1641600895400;44569.0104;2022-02.11;"2022-10.09; 2022-03.09";"2022-02.11; 2022-10.09; 2022-03.09";461682883761795072;559150837542793216;781250702738624512;61;12;47;12;0.5;1.0;6.0
785318960626298880;1641600203111;44569.0024;2022-05.04;"2023-02; 2022-06.12";"2022-05.04; 2023-02; 2022-06.12";604431797605986304;603632584265629696;777351793196785664;29;12;24;10;1.0;0.5;6.0
785331029517971456;1641600045673;44569.0005;"2022-04.08; 2023-01";2022-03.10;"2022-04.08; 2023-01; 2022-03.10";454707770139078656;469200335617912832;775462931835027456;28;12;22;10;1.0;0.5;6.0
785328797049352192;1641599586422;44568.9952;"2022-03.09; 2023-01";2022-02.05;"2022-03.09; 2023-01; 2022-02.05";507021423273172992;741712695706976256;775462931835027456;28;12;22;10;1.0;0.5;6.0
785327601433649152;1641599548709;44568.9948;"2022-03.11; 2022-06.11; 2022-08.11";"2022-03.07; 2022-06.07; 2022-08.07";"2022-03.11; 2022-06.11; 2022-08.11; 2022-03.07; 2022-06.07; 2022-08.07";326447651388153856;737056751731527680;784371627419942912;36;12;30;10;1.0;0.5;6.0
785310740037926912;1641595642433;44568.9496;"2022-10.03; 2022-09.03";"2022-08.02; 2022-11.11";"2022-10.03; 2022-09.03; 2022-08.02; 2022-11.11";697751939391246336;77517172184072192;784190849499197440;25;12;25;9;1.0;0.5;6.0
785302652866117632;1641593292322;44568.9224;2023-03;2023-02;"2023-03; 2023-02";418894823118880768;388805968164573184;782713514853834752;30;14;26;10;1.0;0.5;6.0
785299314086912000;1641592514605;44568.9134;2022-08.05;2022-11.01;"2022-08.05; 2022-11.01";763615481738678272;697751939391246336;784190849499197440;25;12;25;9;1.0;0.5;6.0
785218641766526976;1641591959837;44568.9069;"2022-05.03; 2022-11.07; 2022-15.07";"2022-17.03; 2022-11.04; 2022-05.04";"2022-05.03; 2022-11.07; 2022-15.07; 2022-17.03; 2022-11.04; 2022-05.04";450806234967175168;750525498391916544;779811885615869952;31;12;27;12;1.0;1.0;6.0
785273129277751296;1641591780036;44568.9049;2022-11.06;"2022-12.12; 2022-17.12";"2022-11.06; 2022-12.12; 2022-17.12";463150173325881344;607318044372447232;781925394575151104;28;12;27;12;1.0;1.0;6.0
785294560510259200;1641591361061;44568.9000;"2022-02.04; 2023-01";2022-01.11;"2022-02.04; 2023-01; 2022-01.11";781399231859830784;735352334758035456;775462931835027456;28;12;22;10;1.0;0.5;6.0
785280809912410112;1641588141039;44568.8627;"2022-05.09; 2023-03";2022-02.01;"2022-05.09; 2023-03; 2022-02.01";730841982221553664;461682883761795072;781250702738624512;61;12;47;12;0.5;1.0;6.0
785264467259809792;1641585126209;44568.8278;2022-13.11;"2022-17.05; 2023-02";"2022-13.11; 2022-17.05; 2023-02";712118842498842624;69646383808135168;782411483194757120;28;12;24;10;1.0;1.0;6.0
785266020834271232;1641584609947;44568.8219;"2022-10.02; 2022-11.02";"2022-15.11; 2022-07.11";"2022-10.02; 2022-11.02; 2022-15.11; 2022-07.11";697751939391246336;736017233339392000;784190849499197440;25;12;25;9;1.0;0.5;6.0
785243462143512576;1641580892792;44568.7789;"2022-10.12; 2022-08.12; 2023-03";"2022-10.09; 2022-07.09";"2022-10.12; 2022-08.12; 2023-03; 2022-10.09; 2022-07.09";486383191502876672;604823402477350912;784190849499197440;25;12;25;9;1.0;0.5;6.0
785242330423795712;1641579194343;44568.7592;2022-29.08;2022-10.03;"2022-29.08; 2022-10.03";701107621200994304;467180665419329536;777351793196785664;29;12;24;10;1.0;0.5;6.0
785224221776318464;1641574738684;44568.7076;2022-04.06;"2022-08.03; 2022-05.11";"2022-04.06; 2022-08.03; 2022-05.11";701107621200994304;459573837260910592;777351793196785664;29;12;24;10;1.0;0.5;6.0
785223564960845824;1641574518238;44568.7051;"2022-13.04; 2022-02.04";"2022-11.08; 2022-06.08; 2022-07.08";"2022-13.04; 2022-02.04; 2022-11.08; 2022-06.08; 2022-07.08";491780538269429760;318132846772355072;784371627419942912;36;12;30;10;1.0;0.5;6.0
785215422122311680;1641573901218;44568.6979;"2022-06.01; 2022-07.01";"2022-12.08; 2022-03.08";"2022-06.01; 2022-07.01; 2022-12.08; 2022-03.08";721601629761122304;710922918669930496;784371627419942912;36;12;30;10;1.0;0.5;6.0
785218919848902656;1641573785877;44568.6966;"2022-10.10; 2022-07.10";"2022-11.05; 2022-07.05";"2022-10.10; 2022-07.10; 2022-11.05; 2022-07.05";732774426948550656;459793318864220160;784190849499197440;25;12;25;9;1.0;0.5;6.0
785219584381865984;1641573572262;44568.6941;"2022-03.09; 2023-02";2022-02.06;"2022-03.09; 2023-02; 2022-02.06";631998192623378432;461978846875348992;784467190534569984;10;12;29;9;1.0;0.0;4.0
785216370349588480;1641572840975;44568.6857;"2022-02.07; 2022-07.07";"2022-10.10; 2022-03.10; 2022-05.10";"2022-02.07; 2022-07.07; 2022-10.10; 2022-03.10; 2022-05.10";603984882439364608;326447651388153856;784371627419942912;36;12;30;10;1.0;0.5;6.0
785216233871142912;1641572795294;44568.6851;"2022-12.06; 2022-07.06";"2022-08.11; 2022-09.11";"2022-12.06; 2022-07.06; 2022-08.11; 2022-09.11";736017233339392000;307914616774602752;784190849499197440;25;12;25;9;1.0;0.5;6.0
785213801791365120;1641572265736;44568.6790;"2022-02.05; 2022-12.11";"2022-02.02; 2022-09.02";"2022-02.05; 2022-12.11; 2022-02.02; 2022-09.02";736017233339392000;732774426948550656;784190849499197440;25;12;25;9;1.0;0.5;6.0
785201086704271360;1641570637852;44568.6602;2022-07.03;"2022-07.09; 2022-07.08";"2022-07.03; 2022-07.09; 2022-07.08";467180665419329536;701107621200994304;777351793196785664;29;12;24;10;1.0;0.5;6.0
785194457082560512;1641570515504;44568.6587;"2022-12.04; 2022-05.05; 2022-07.05";"2022-14.08; 2022-04.08; 2022-08.08";"2022-12.04; 2022-05.05; 2022-07.05; 2022-14.08; 2022-04.08; 2022-08.08";467180665419329536;603632584265629696;777351793196785664;29;12;24;10;1.0;0.5;6.0
785203801681424384;1641570303044;44568.6563;"2022-13.01; 2022-08.01; 2023-01";"2022-11.04; 2022-07.04";"2022-13.01; 2022-08.01; 2023-01; 2022-11.04; 2022-07.04";465982116811763712;763615481738678272;784190849499197440;25;12;25;9;1.0;0.5;6.0
785193733980319744;1641567524730;44568.6241;2022-03.03;"2022-11.03; 2022-04.03; 2023-01; 2024-01";"2022-03.03; 2022-11.03; 2022-04.03; 2023-01; 2024-01";607737189203275776;409471272360087552;784578152352567296;27;12;22;10;1.0;1.0;6.0
785188922664804352;1641566257368;44568.6095;"2022-06.08; 2022-02.09";"2022-03.08; 2022-04.08";"2022-06.08; 2022-02.09; 2022-03.08; 2022-04.08";491780538269429760;721601629761122304;784371627419942912;36;12;30;10;1.0;0.5;6.0
785030456004452352;1641528621018;44568.1739;"2022-12.08; 2022-05.08; 2022-06.08";"2022-13.12; 2022-02.12";"2022-12.08; 2022-05.08; 2022-06.08; 2022-13.12; 2022-02.12";721601629761122304;491780538269429760;784371627419942912;36;12;30;10;1.0;0.5;6.0
785021554005295104;1641527995120;44568.1666;"2022-14.09; 2022-02.09; 2022-08.09";"2022-01.12; 2022-10.12; 2022-14.12";"2022-14.09; 2022-02.09; 2022-08.09; 2022-01.12; 2022-10.12; 2022-14.12";721601629761122304;299252645695066112;784371627419942912;36;12;30;10;1.0;0.5;6.0
785008742486908928;1641523212792;44568.1113;2022-02.01;"2022-12.03; 2022-03.03; 2023-02";"2022-02.01; 2022-12.03; 2022-03.03; 2023-02";607737189203275776;409471272360087552;784578152352567296;27;12;22;10;1.0;1.0;6.0
784997846200999936;1641520672922;44568.0819;2022-02.05;"2023-02; 2022-02.01";"2022-02.05; 2023-02; 2022-02.01";340945287679913984;409471272360087552;784578152352567296;27;12;22;10;1.0;1.0;6.0
784921497801261056;1641520077696;44568.0750;2022-09.12;"2022-11.08; 2022-14.08";"2022-09.12; 2022-11.08; 2022-14.08";569413645557047296;463150173325881344;781925394575151104;28;12;27;12;1.0;1.0;6.0
784975735143153664;1641515338785;44568.0201;"2022-10.01; 2022-11.01; 2024-02";"2022-12.05; 2022-09.05";"2022-10.01; 2022-11.01; 2024-02; 2022-12.05; 2022-09.05";6;603358739860361216;784940371682705408;25;12;21;9;1.0;0.0;6.0
784964966146052096;1641513039787;44567.9935;"2022-11.12; 2022-13.12; 2022-05.12";"2022-12.09; 2022-14.09; 2022-05.09";"2022-11.12; 2022-13.12; 2022-05.12; 2022-12.09; 2022-14.09; 2022-05.09";486383191502876672;604823402477350912;784190849499197440;25;12;25;9;1.0;0.5;6.0
784959630651539456;1641511843877;44567.9797;"2022-09.08; 2022-03.11";"2022-04.09; 2022-07.09";"2022-09.08; 2022-03.11; 2022-04.09; 2022-07.09";474298520946339840;467180665419329536;777351793196785664;29;12;24;10;1.0;0.5;6.0
784928177360363520;1641504599289;44567.8958;"2022-07.02; 2022-12.11; 2022-06.01; 2022-07.01";"2022-10.05; 2022-05.05; 2022-08.05; 2022-09.05";"2022-07.02; 2022-12.11; 2022-06.01; 2022-07.01; 2022-10.05; 2022-05.05; 2022-08.05; 2022-09.05";732774426948550656;697751939391246336;784190849499197440;25;12;25;9;1.0;0.5;6.0
784917179035418624;1641502612039;44567.8728;"2022-01.11; 2022-04.11";2022-01.04;"2022-01.11; 2022-04.11; 2022-01.04";318132846772355072;737056751731527680;784371627419942912;36;12;30;10;1.0;0.5;6.0
784891995981205504;1641496500706;44567.8021;2022-05.02;"2022-06.01; 2022-07.01";"2022-05.02; 2022-06.01; 2022-07.01";763615481738678272;697751939391246336;784190849499197440;25;12;25;9;1.0;0.5;6.0
784876973318115328;1641491806060;44567.7478;"2022-12.08; 2022-16.08; 2022-08.08";"2022-18.08; 2022-13.09; 2022-07.09";"2022-12.08; 2022-16.08; 2022-08.08; 2022-18.08; 2022-13.09; 2022-07.09";611612458997616640;380128482900062208;781935286019088384;35;12;30;11;1.0;0.0;4.0
784866022825013248;1641489646587;44567.7228;"2022-05.02; 2022-08.02; 2023-01";"2022-03.09; 2022-10.05";"2022-05.02; 2022-08.02; 2023-01; 2022-03.09; 2022-10.05";603632584265629696;417374204212547584;777351793196785664;29;12;24;10;1.0;0.5;6.0
784850792422191104;1641489115826;44567.7166;2022-11.02;2023-01;"2022-11.02; 2023-01";712118842498842624;196445598465921024;782411483194757120;28;12;24;10;1.0;1.0;6.0
784811119574392832;1641488812092;44567.7131;2022-09.07;"2022-10.08; 2022-20.08";"2022-09.07; 2022-10.08; 2022-20.08";569413645557047296;725815387740008448;781925394575151104;28;12;27;12;1.0;1.0;6.0
784862944180744192;1641488715648;44567.7120;"2022-04.02; 2022-05.02; 2022-07.02; 2022-08.02";"2022-04.11; 2022-05.11; 2022-08.11; 2022-09.11";"2022-04.02; 2022-05.02; 2022-07.02; 2022-08.02; 2022-04.11; 2022-05.11; 2022-08.11; 2022-09.11";697751939391246336;736017233339392000;784190849499197440;25;12;25;9;1.0;0.5;6.0
784834263081201664;1641482607563;44567.6413;"2022-12.04; 2022-05.04; 2023-01";"2022-03.03; 2022-15.05";"2022-12.04; 2022-05.04; 2023-01; 2022-03.03; 2022-15.05";603632584265629696;374605772438675456;777351793196785664;29;12;24;10;1.0;0.5;6.0
784674256352043008;1641470141473;44567.4970;"2022-01.08; 2022-10.08; 2022-12.08";"2022-01.09; 2022-13.09; 2022-08.09";"2022-01.08; 2022-10.08; 2022-12.08; 2022-01.09; 2022-13.09; 2022-08.09";337759592475815936;469591973703970816;784578152352567296;27;12;22;10;1.0;1.0;6.0
784633586732158976;1641447189141;44567.2314;2022-18.08;"2022-19.07; 2022-22.07";"2022-18.08; 2022-19.07; 2022-22.07";781526079172161536;697501556353875968;779421624062623744;27;12;27;12;1.0;1.0;6.0
784645464447422464;1641436837662;44567.1115;"2022-14.09; 2022-02.06";"2022-06.03; 2022-04.11; 2022-07.11";"2022-14.09; 2022-02.06; 2022-06.03; 2022-04.11; 2022-07.11";459573837260910592;474298520946339840;777351793196785664;29;12;24;10;1.0;0.5;6.0
784554068218679296;1641435906796;44567.1008;"2022-17.03; 2022-08.03; 2022-08.07";"2022-09.04; 2023-01; 2022-09.09";"2022-17.03; 2022-08.03; 2022-08.07; 2022-09.04; 2023-01; 2022-09.09";450806234967175168;68099914655481856;779811885615869952;31;12;27;12;1.0;1.0;6.0
784640241926557696;1641435798570;44567.0995;"2022-03.09; 2022-06.06";"2022-02.05; 2023-03";"2022-03.09; 2022-06.06; 2022-02.05; 2023-03";603632584265629696;664728348852809728;777351793196785664;29;12;24;10;1.0;0.5;6.0
784623419642740736;1641435644675;44567.0977;2022-02.08;2022-02.07;"2022-02.08; 2022-02.07";681984625580503040;467180665419329536;777351793196785664;29;12;24;10;1.0;0.5;6.0
784633753879379968;1641434292024;44567.0821;"2022-07.05; 2023-01; 2023-02";2022-02.02;"2022-07.05; 2023-01; 2023-02; 2022-02.02";89465017589972992;451094346335252480;784188388336115712;32;12;27;12;1.0;1.0;4.0
784621666897678336;1641430906200;44567.0429;"2022-03.06; 2022-07.06; 2023-01";2022-01.11;"2022-03.06; 2022-07.06; 2023-01; 2022-01.11";445483515539091456;783787995248619520;784578152352567296;27;12;22;10;1.0;1.0;6.0
784602760443256832;1641429052297;44567.0214;"2022-02.04; 2022-06.04; 2022-08.04; 2023-02";"2022-01.12; 2022-15.12; 2022-02.12; 2023-03";"2022-02.04; 2022-06.04; 2022-08.04; 2023-02; 2022-01.12; 2022-15.12; 2022-02.12; 2023-03";604431797605986304;374605772438675456;777351793196785664;29;12;24;10;1.0;0.5;6.0
784600640948121600;1641427859227;44567.0076;"2022-01.01; 2022-02.01";"2022-01.02; 2022-02.02";"2022-01.01; 2022-02.01; 2022-01.02; 2022-02.02";340945287679913984;629502245053997056;784578152352567296;27;12;22;10;1.0;1.0;6.0
784604251233071104;1641426781395;44566.9952;2022-03.07;2022-04.10;"2022-03.07; 2022-04.10";468954781642125312;681984625580503040;777351793196785664;29;12;24;10;1.0;0.5;6.0
784593562124791808;1641425195243;44566.9768;"2022-10.10; 2022-14.10; 2022-09.10";"2022-10.02; 2022-14.02; 2022-09.02";"2022-10.10; 2022-14.10; 2022-09.10; 2022-10.02; 2022-14.02; 2022-09.02";196445598465921024;548372097515290624;782411483194757120;28;12;24;10;1.0;1.0;6.0
784561815802810368;1641416949386;44566.8814;"2022-02.03; 2022-04.03";"2022-03.03; 2022-05.03";"2022-02.03; 2022-04.03; 2022-03.03; 2022-05.03";701107621200994304;603632584265629696;777351793196785664;29;12;24;10;1.0;0.5;6.0
784543869462302720;1641414423875;44566.8521;2023-01;"2022-18.09; 2022-19.09; 2022-20.09; 2022-21.09; 2022-22.09; 2022-05.01";"2023-01; 2022-18.09; 2022-19.09; 2022-20.09; 2022-21.09; 2022-22.09; 2022-05.01";781637529819533312;780075241551605760;779421624062623744;27;12;27;12;1.0;1.0;6.0
784540901325291520;1641413443255;44566.8408;"2022-01.08; 2022-02.06; 2022-03.06";"2022-01.09; 2022-02.09; 2022-03.09";"2022-01.08; 2022-02.06; 2022-03.06; 2022-01.09; 2022-02.09; 2022-03.09";474298520946339840;664728348852809728;777351793196785664;29;12;24;10;1.0;0.5;6.0
784541749237395456;1641412405548;44566.8288;2022-06.11;"2022-16.12; 2022-08.12";"2022-06.11; 2022-16.12; 2022-08.12";463150173325881344;608208607703531520;781925394575151104;28;12;27;12;1.0;1.0;6.0
784535047104565248;1641412397575;44566.8287;"2022-10.05; 2022-11.05; 2022-08.05";"2022-20.07; 2022-06.07";"2022-10.05; 2022-11.05; 2022-08.05; 2022-20.07; 2022-06.07";725815387740008448;729067666702196736;781925394575151104;28;12;27;12;1.0;1.0;6.0
784530867518353408;1641409393447;44566.7939;"2022-01.06; 2022-04.06";"2022-01.08; 2022-03.05";"2022-01.06; 2022-04.06; 2022-01.08; 2022-03.05";459573837260910592;664728348852809728;777351793196785664;29;12;24;10;1.0;0.5;6.0
784514884699308032;1641405731427;44566.7515;"2022-15.03; 2022-06.03";2022-05.11;"2022-15.03; 2022-06.03; 2022-05.11";459573837260910592;701107621200994304;777351793196785664;29;12;24;10;1.0;0.5;6.0
784514527684345856;1641405571123;44566.7497;2022-03.09;"2022-18.08; 2022-04.08; 2022-09.08";"2022-03.09; 2022-18.08; 2022-04.08; 2022-09.08";380128482900062208;611612458997616640;781935286019088384;35;12;30;11;1.0;0.0;4.0
784506039159676928;1641404811735;44566.7409;"2023-02; 2022-03.05; 2022-08.05";"2022-05.08; 2022-06.11; 2023-01";"2023-02; 2022-03.05; 2022-08.05; 2022-05.08; 2022-06.11; 2023-01";459573837260910592;603632584265629696;777351793196785664;29;12;24;10;1.0;0.5;6.0
784495760317288448;1641401627401;44566.7040;2022-01.02;"2022-01.04; 2022-09.04";"2022-01.02; 2022-01.04; 2022-09.04";374605772438675456;417374204212547584;777351793196785664;29;12;24;10;1.0;0.5;6.0
784470957183074304;1641395302499;44566.6308;"2022-01.08; 2022-10.08; 2022-05.08";"2022-01.11; 2022-11.11; 2022-03.11";"2022-01.08; 2022-10.08; 2022-05.08; 2022-01.11; 2022-11.11; 2022-03.11";459573837260910592;467180665419329536;777351793196785664;29;12;24;10;1.0;0.5;6.0
784455265939480576;1641395238107;44566.6301;"2022-03.12; 2022-04.12";"2022-03.04; 2022-05.04";"2022-03.12; 2022-04.12; 2022-03.04; 2022-05.04";783797328795574272;781680228207616000;781935286019088384;35;12;30;11;1.0;0.0;4.0
784458700155920384;1641394045263;44566.6163;"2022-02.03; 2022-04.03; 2023-02";2022-01.05;"2022-02.03; 2022-04.03; 2023-02; 2022-01.05";603632584265629696;701107621200994304;777351793196785664;29;12;24;10;1.0;0.5;6.0
784281070630723584;1641351400894;44566.1227;2022-01.01;"2022-02.10; 2022-03.10; 2022-07.10";"2022-01.01; 2022-02.10; 2022-03.10; 2022-07.10";468954781642125312;466731039021068288;777351793196785664;29;12;24;10;1.0;0.5;6.0
784260855238950912;1641344888189;44566.0473;"2022-05.05; 2022-07.05; 2023-03";"2022-05.01; 2022-08.01";"2022-05.05; 2022-07.05; 2023-03; 2022-05.01; 2022-08.01";400829996198821888;712118842498842624;782411483194757120;28;12;24;10;1.0;1.0;6.0
784245010777432064;1641341148625;44566.0040;2022-12.12;"2022-13.11; 2023-03";"2022-12.12; 2022-13.11; 2023-03";731310033777848320;746094646177955840;782739475309727744;29;12;26;11;1.0;1.0;6.0
784225141314998272;1641337453624;44565.9613;"2022-07.05; 2022-08.04";2022-06.08;"2022-07.05; 2022-08.04; 2022-06.08";569413645557047296;729067666702196736;781925394575151104;28;12;27;12;1.0;1.0;6.0
784225098499518464;1641336379748;44565.9488;2022-03.09;"2022-05.05; 2022-06.05";"2022-03.09; 2022-05.05; 2022-06.05";729067666702196736;68099914655481856;781925394575151104;28;12;27;12;1.0;1.0;6.0
784222529563852800;1641336217439;44565.9470;"2022-15.05; 2022-07.05";"2022-10.07; 2022-09.07";"2022-15.05; 2022-07.05; 2022-10.07; 2022-09.07";750525498391916544;779520651873640448;779811885615869952;31;12;27;12;1.0;1.0;6.0
784210921458409472;1641334846285;44565.9311;2022-04.05;"2022-05.04; 2022-08.04";"2022-04.05; 2022-05.04; 2022-08.04";516711851562909696;729067666702196736;781925394575151104;28;12;27;12;1.0;1.0;6.0
784185959754387456;1641327148346;44565.8420;"2022-13.04; 2022-06.04";"2022-07.09; 2022-09.09";"2022-13.04; 2022-06.04; 2022-07.09; 2022-09.09";779520651873640448;450806234967175168;779811885615869952;31;12;27;12;1.0;1.0;6.0
784183383847776256;1641326458772;44565.8340;"2022-11.03; 2022-10.10; 2022-12.10";"2022-10.12; 2022-14.12; 2022-09.12";"2022-11.03; 2022-10.10; 2022-12.10; 2022-10.12; 2022-14.12; 2022-09.12";402896745207443456;738084144797593600;782090598860587008;45;12;35;11;1.0;0.7;6.0
784171373332447232;1641323716841;44565.8023;"2022-12.03; 2022-06.07";"2022-07.10; 2022-08.05";"2022-12.03; 2022-06.07; 2022-07.10; 2022-08.05";633221999375749120;68099914655481856;779811885615869952;31;12;27;12;1.0;1.0;6.0
783916706753081344;1641319764461;44565.7565;"2022-06.01; 2022-07.01; 2022-09.01; 2023-02";"2022-10.05; 2022-05.05; 2022-08.09";"2022-06.01; 2022-07.01; 2022-09.01; 2023-02; 2022-10.05; 2022-05.05; 2022-08.09";701123043606462464;697501556353875968;779811885615869952;31;12;27;12;1.0;1.0;6.0
784128241559572480;1641319658271;44565.7553;"2022-03.08; 2022-04.08";"2022-01.12; 2022-10.12";"2022-03.08; 2022-04.08; 2022-01.12; 2022-10.12";463150173325881344;569413645557047296;781925394575151104;28;12;27;12;1.0;1.0;6.0
784109800211496960;1641308923003;44565.6311;2022-01.09;"2022-02.08; 2022-05.08";"2022-01.09; 2022-02.08; 2022-05.08";569413645557047296;68099914655481856;781925394575151104;28;12;27;12;1.0;1.0;6.0
783985333250486272;1641307320625;44565.6125;"2022-16.03; 2022-17.03";2022-15.07;"2022-16.03; 2022-17.03; 2022-15.07";299252645695066112;206079517851123712;781301291182899200;30;12;26;11;1.0;0.5;6.0
783919664257654784;1641275919236;44565.2491;"2022-02.10; 2022-05.10";2022-01.11;"2022-02.10; 2022-05.10; 2022-01.11";608208607703531520;470796243547713536;781925394575151104;28;12;27;12;1.0;1.0;6.0
783873134066593792;1641253920677;44564.9945;"2022-05.03; 2023-04";"2022-06.07; 2022-08.07; 2023-03";"2022-05.03; 2023-04; 2022-06.07; 2022-08.07; 2023-03";750525498391916544;68099914655481856;779811885615869952;31;12;27;12;1.0;1.0;6.0
783798824316608512;1641237219795;44564.8012;"2022-11.03; 2022-07.03";"2022-07.10; 2022-09.10";"2022-11.03; 2022-07.03; 2022-07.10; 2022-09.10";738084144797593600;739273900856324096;782090598860587008;45;12;35;11;1.0;0.7;6.0
783710309323010048;1641224984785;44564.6595;"2022-08.06; 2022-07.09; 2022-03.07; 2023-02";"2022-14.02; 2023-01; 2022-01.01";"2022-08.06; 2022-07.09; 2022-03.07; 2023-02; 2022-14.02; 2023-01; 2022-01.01";779194733871484928;781526079172161536;779421624062623744;27;12;27;12;1.0;1.0;6.0
783546979962904576;1641175531169;44564.0872;2022-06.08;2022-05.10;"2022-06.08; 2022-05.10";738084144797593600;452691371547947008;782090598860587008;45;12;35;11;1.0;0.7;6.0
783516637982056448;1641174361222;44564.0736;"2022-04.01; 2022-10.05; 2022-05.05";"2022-03.09; 2022-07.09; 2022-09.09";"2022-04.01; 2022-10.05; 2022-05.05; 2022-03.09; 2022-07.09; 2022-09.09";701123043606462464;779520651873640448;779811885615869952;31;12;27;12;1.0;1.0;6.0
783525603424301056;1641169588823;44564.0184;2022-05.06;2022-06.03;"2022-05.06; 2022-06.03";739273900856324096;459468083564638208;782090598860587008;45;12;35;11;1.0;0.7;6.0
783499434469482496;1641163380274;44563.9465;2022-11.06;"2022-11.09; 2022-14.09";"2022-11.06; 2022-11.09; 2022-14.09";734441723358498816;462134687670726656;779010604009725952;23;14;22;10;0.5;0.0;4.0
783425567914807296;1641145778625;44563.7428;2022-02.04;"2022-03.08; 2022-06.08";"2022-02.04; 2022-03.08; 2022-06.08";438945276854530048;450806234967175168;779811885615869952;31;12;27;12;1.0;1.0;6.0
783394511127773184;1641145003093;44563.7338;"2022-04.01; 2022-05.01; 2022-05.10";"2022-01.05; 2022-11.05; 2022-08.05";"2022-04.01; 2022-05.01; 2022-05.10; 2022-01.05; 2022-11.05; 2022-08.05";779520651873640448;633221999375749120;779811885615869952;31;12;27;12;1.0;1.0;6.0
782395820862529536;1641099651358;44563.2089;2023-03;2022-19.06;"2023-03; 2022-19.06";605613203451371520;592087579571048448;780120939047309312;29;12;24;12;1.0;0.5;6.0
783211774202757120;1641094897730;44563.1539;"2022-06.08; 2022-02.09; 2022-08.02";"2022-01.06; 2023-03";"2022-06.08; 2022-02.09; 2022-08.02; 2022-01.06; 2023-03";781637529819533312;779194733871484928;779421624062623744;27;12;27;12;1.0;1.0;6.0
783194190086610944;1641090587897;44563.1040;2023-02;2022-10.09;"2023-02; 2022-10.09";433876435552169984;507449089243549696;782019264482844672;27;12;22;11;1.0;1.0;4.0
783175675455643648;1641086156292;44563.0527;2022-09.09;"2023-02; 2022-12.09";"2022-09.09; 2023-02; 2022-12.09";608374254513238016;433876435552169984;782019264482844672;27;12;22;11;1.0;1.0;4.0
783175132247146496;1641086077746;44563.0518;"2022-09.09; 2022-04.02";"2022-11.12; 2022-03.12";"2022-09.09; 2022-04.02; 2022-11.12; 2022-03.12";534971305763479552;497575474944274432;781301291182899200;30;12;26;11;1.0;0.5;6.0
783167163866468352;1641084140161;44563.0294;"2022-02.06; 2022-06.06";"2022-18.03; 2022-01.09";"2022-02.06; 2022-06.06; 2022-18.03; 2022-01.09";68099914655481856;568297936040284160;779811885615869952;31;12;27;12;1.0;1.0;6.0
783142784214413312;1641078331320;44562.9622;2022-09.05;"2022-11.06; 2023-02";"2022-09.05; 2022-11.06; 2023-02";358181228559769600;433876435552169984;782019264482844672;27;12;22;11;1.0;1.0;4.0
783118805093253120;1641073899099;44562.9109;"2022-01.10; 2022-03.10; 2022-04.10";"2022-01.01; 2022-04.01; 2022-05.01";"2022-01.10; 2022-03.10; 2022-04.10; 2022-01.01; 2022-04.01; 2022-05.01";697501556353875968;633221999375749120;779811885615869952;31;12;27;12;1.0;1.0;6.0
783114844164440064;1641072979149;44562.9002;"2022-01.09; 2022-05.09";2022-01.03;"2022-01.09; 2022-05.09; 2022-01.03";68099914655481856;701123043606462464;779811885615869952;31;12;27;12;1.0;1.0;6.0
783117154139697152;1641072508815;44562.8948;"2022-03.04; 2022-05.04; 2022-07.04";2022-02.05;"2022-03.04; 2022-05.04; 2022-07.04; 2022-02.05";607745522618413056;773720549057945600;782739475309727744;29;12;26;11;1.0;1.0;6.0
783110653119430656;1641070841722;44562.8755;2022-31.04;2022-31.10;"2022-31.04; 2022-31.10";606273371600146432;433330157743239168;778437736243052544;31;14;27;11;0.5;0.5;6.0
782781681198374912;1641070175794;44562.8678;"2022-06.11; 2022-07.11";"2022-12.08; 2022-07.08; 2023-01; 2023-02";"2022-06.11; 2022-07.11; 2022-12.08; 2022-07.08; 2023-01; 2023-02";777195748138844160;402200383587385344;780121638007087104;40;12;30;10;1.0;1.0;6.0
783100105493569536;1641069302095;44562.8577;"2022-02.08; 2022-05.08";"2022-10.05; 2022-02.05; 2022-05.05";"2022-02.08; 2022-05.08; 2022-10.05; 2022-02.05; 2022-05.05";338801773873491968;607745522618413056;782739475309727744;29;12;26;11;1.0;1.0;6.0
783085303706537984;1641065057029;44562.8085;"2022-08.04; 2022-12.09";"2022-11.05; 2022-09.05";"2022-08.04; 2022-12.09; 2022-11.05; 2022-09.05";608374254513238016;433876435552169984;782019264482844672;27;12;22;11;1.0;1.0;4.0
782824132831203328;1641063220785;44562.7873;2022-11.03;2022-15.09;"2022-11.03; 2022-15.09";728726452383621120;780919941691207680;779544324282105856;25;12;21;9;1.0;0.5;4.0
782892242540085248;1641018758465;44562.2727;2022-09.05;2022-09.11;"2022-09.05; 2022-09.11";735289021038710784;739507190657900544;779010604009725952;23;14;22;10;0.5;0.0;4.0
782873550502682624;1641014584115;44562.2244;2023-02;2023-03;"2023-02; 2023-03";734441723358498816;733252159570853888;779010604009725952;23;14;22;10;0.5;0.0;4.0
782866060851404800;1641012337351;44562.1983;2022-09.11;2023-02;"2022-09.11; 2023-02";735289021038710784;739507190657900544;779010604009725952;23;14;22;10;0.5;0.0;4.0
782852701548564480;1641009448895;44562.1649;"2022-13.04; 2022-14.04";2023-01;"2022-13.04; 2022-14.04; 2023-01";775187826198360064;627683326647472128;781991500945924096;45;12;31;10;1.0;0.0;4.0
782847225830236160;1641007865635;44562.1466;2022-01.08;2022-01.07;"2022-01.08; 2022-01.07";727778806663802880;607745522618413056;782739475309727744;29;12;26;11;1.0;1.0;6.0
782837651588952064;1641006333829;44562.1289;2022-03.09;"2022-12.14; 2022-09.14; 2022-10.01";"2022-03.09; 2022-12.14; 2022-09.14; 2022-10.01";733252159570853888;734441723358498816;779010604009725952;23;14;22;10;0.5;0.0;4.0
782836514638950400;1641005331387;44562.1173;"2022-08.09; 2022-10.01";"2022-13.14; 2022-08.14";"2022-08.09; 2022-10.01; 2022-13.14; 2022-08.14";733252159570853888;741477774426341376;779010604009725952;23;14;22;10;0.5;0.0;4.0
782801340479991808;1641001899743;44562.0775;"2022-12.02; 2022-15.02; 2023-03";"2022-11.10; 2022-16.10";"2022-12.02; 2022-15.02; 2023-03; 2022-11.10; 2022-16.10";732276123328692224;779194733871484928;779421624062623744;27;12;27;12;1.0;1.0;6.0
782800853206740992;1640997046079;44562.0214;"2022-01.01; 2022-09.01";"2022-01.12; 2022-06.12";"2022-01.01; 2022-09.01; 2022-01.12; 2022-06.12";782732245755617280;773804409561104384;782795720930512896;23;12;23;10;1.0;0.0;4.0
782779197537034240;1640991637862;44561.9588;2022-19.08;"2023-02; 2023-03";"2022-19.08; 2023-02; 2023-03";771874348867969024;777195748138844160;780121638007087104;40;12;30;10;1.0;1.0;6.0
782757945204187136;1640987885763;44561.9153;2022-08.06;"2022-12.02; 2022-09.03";"2022-08.06; 2022-12.02; 2022-09.03";206079517851123712;77802278253641728;781301291182899200;30;12;26;11;1.0;0.5;6.0
782742283563950080;1640982877426;44561.8574;2022-10.03;2022-13.10;"2022-10.03; 2022-13.10";597144423469469696;780919941691207680;779544324282105856;25;12;21;9;1.0;0.5;4.0
782697544663896064;1640975586945;44561.7730;"2023-01; 2023-02";2022-07.09;"2023-01; 2023-02; 2022-07.09";497575474944274432;679466765285138432;781301291182899200;30;12;26;11;1.0;0.5;6.0
782705043076997120;1640975423817;44561.7711;"2022-03.07; 2022-14.02; 2022-04.02";"2022-15.11; 2022-06.11; 2022-01.07";"2022-03.07; 2022-14.02; 2022-04.02; 2022-15.11; 2022-06.11; 2022-01.07";618648149464178688;737147201926651904;779544324282105856;25;12;21;9;1.0;0.5;4.0
782649049181442048;1640968838704;44561.6949;2022-10.05;"2022-13.11; 2022-15.11";"2022-10.05; 2022-13.11; 2022-15.11";780075241551605760;781287778720870400;779421624062623744;27;12;27;12;1.0;1.0;6.0
782670332090843136;1640967119290;44561.6750;"2022-03.06; 2022-07.06";"2022-03.11; 2022-05.11";"2022-03.06; 2022-07.06; 2022-03.11; 2022-05.11";600515019360231424;670802353879863296;782454988508147712;31;12;30;11;0.0;1.5;6.0
782666092878360576;1640966693851;44561.6701;2022-15.04;2022-17.02;"2022-15.04; 2022-17.02";780962273065000960;731500002916040704;778305939618070528;26;12;26;11;1.0;0.5;4.0
782672191283130368;1640966155035;44561.6638;"2023-01; 2023-02; 2023-03; 2023-04";"2022-11.10; 2022-08.10";"2023-01; 2023-02; 2023-03; 2023-04; 2022-11.10; 2022-08.10";85488797743464448;754882733351751680;781301291182899200;30;12;26;11;1.0;0.5;6.0
782514268443672576;1640929386437;44561.2383;"2022-15.05; 2022-07.05";"2022-13.11; 2022-09.11";"2022-15.05; 2022-07.05; 2022-13.11; 2022-09.11";735289021038710784;739507190657900544;779010604009725952;23;14;22;10;0.5;0.0;4.0
782513200104079360;1640928279652;44561.2255;"2022-13.12; 2022-06.12";"2022-10.06; 2023-01";"2022-13.12; 2022-06.12; 2022-10.06; 2023-01";358181228559769600;433085478116257792;782019264482844672;27;12;22;11;1.0;1.0;4.0
782473969503719424;1640918901261;44561.1169;"2022-11.11; 2022-14.11; 2022-15.11; 2022-18.11";"2022-10.01; 2022-11.01; 2022-20.01; 2022-08.01";"2022-11.11; 2022-14.11; 2022-15.11; 2022-18.11; 2022-10.01; 2022-11.01; 2022-20.01; 2022-08.01";490372093356011520;323233168121421824;778437736243052544;31;14;27;11;0.5;0.5;6.0
782460812139802624;1640915814399;44561.0812;2022-05.04;"2022-10.11; 2022-06.11";"2022-05.04; 2022-10.11; 2022-06.11";624412630215393280;627683326647472128;781991500945924096;45;12;31;10;1.0;0.0;4.0
782422948781948928;1640915497848;44561.0775;"2022-19.06; 2022-21.06";2022-15.07;"2022-19.06; 2022-21.06; 2022-15.07";777839601795641344;408680271345352704;780121638007087104;40;12;30;10;1.0;1.0;6.0
782442189610487808;1640911490999;44561.0311;2022-07.09;"2022-10.09; 2022-08.07";"2022-07.09; 2022-10.09; 2022-08.07";781526079172161536;781637529819533312;779421624062623744;27;12;27;12;1.0;1.0;6.0
782437817816043520;1640911399933;44561.0301;"2022-11.03; 2022-04.03; 2022-07.03";"2022-01.02; 2022-12.02";"2022-11.03; 2022-04.03; 2022-07.03; 2022-01.02; 2022-12.02";679466765285138432;206079517851123712;781301291182899200;30;12;26;11;1.0;0.5;6.0
782403803486990336;1640908403444;44560.9954;"2022-01.06; 2022-11.06; 2022-13.06; 2023-02";"2022-09.02; 2022-03.05; 2022-07.07; 2022-12.01";"2022-01.06; 2022-11.06; 2022-13.06; 2023-02; 2022-09.02; 2022-03.05; 2022-07.07; 2022-12.01";781637529819533312;569413645557047296;779421624062623744;27;12;27;12;1.0;1.0;6.0
782405546081918976;1640903764740;44560.9417;"2022-04.01; 2022-06.01";"2022-10.12; 2022-03.12";"2022-04.01; 2022-06.01; 2022-10.12; 2022-03.12";627648505623674880;645016768095543296;781991500945924096;45;12;31;10;1.0;0.0;4.0
782394188904955904;1640902511457;44560.9272;2022-14.07;"2022-18.05; 2022-20.05";"2022-14.07; 2022-18.05; 2022-20.05";771874348867969024;777839601795641344;780121638007087104;40;12;30;10;1.0;1.0;6.0
782396259393769472;1640900370056;44560.9024;"2022-05.09; 2022-08.09";"2022-06.01; 2022-07.01";"2022-05.09; 2022-08.09; 2022-06.01; 2022-07.01";741477774426341376;734441723358498816;779010604009725952;23;14;22;10;0.5;0.0;4.0
782369252270317568;1640893974487;44560.8284;"2022-05.02; 2022-07.04; 2022-08.04";"2022-04.09; 2022-06.09";"2022-05.02; 2022-07.04; 2022-08.04; 2022-04.09; 2022-06.09";433876435552169984;190162751404908544;782019264482844672;27;12;22;11;1.0;1.0;4.0
782353974115282944;1640893150320;44560.8189;"2022-06.06; 2022-06.02";"2022-10.01; 2022-12.01; 2022-05.01";"2022-06.06; 2022-06.02; 2022-10.01; 2022-12.01; 2022-05.01";633221999375749120;781637529819533312;779421624062623744;27;12;27;12;1.0;1.0;6.0
782331658979438592;1640884935366;44560.7238;"2022-03.06; 2022-07.06";"2022-04.08; 2022-05.08";"2022-03.06; 2022-07.06; 2022-04.08; 2022-05.08";507449089243549696;358181228559769600;782019264482844672;27;12;22;11;1.0;1.0;4.0
782115330263752704;1640882077081;44560.6907;"2022-11.07; 2022-06.07";"2022-10.06; 2022-12.06; 2022-08.06";"2022-11.07; 2022-06.07; 2022-10.06; 2022-12.06; 2022-08.06";569413645557047296;781526079172161536;779421624062623744;27;12;27;12;1.0;1.0;6.0
782158116577001472;1640882072488;44560.6907;"2022-07.08; 2022-09.08";"2022-10.08; 2022-07.02";"2022-07.08; 2022-09.08; 2022-10.08; 2022-07.02";779194733871484928;697501556353875968;779421624062623744;27;12;27;12;1.0;1.0;6.0
782297675700817920;1640878826050;44560.6531;"2022-14.03; 2022-09.03";"2022-09.11; 2023-02";"2022-14.03; 2022-09.03; 2022-09.11; 2023-02";618648149464178688;780919941691207680;779544324282105856;25;12;21;9;1.0;0.5;4.0
782129370914512896;1640837652213;44560.1765;"2022-09.06; 2022-08.05";2022-06.06;"2022-09.06; 2022-08.05; 2022-06.06";620030048228950016;762847786940108800;779544324282105856;25;12;21;9;1.0;0.5;4.0
782116807657062400;1640836533687;44560.1636;"2022-02.05; 2022-03.05";"2022-01.03; 2022-07.03";"2022-02.05; 2022-03.05; 2022-01.03; 2022-07.03";779170953598042112;596857056544210944;781991500945924096;45;12;31;10;1.0;0.0;4.0
782115203469934592;1640836240898;44560.1602;"2022-01.04; 2022-02.04; 2022-04.04";"2022-01.02; 2022-03.02; 2022-05.02";"2022-01.04; 2022-02.04; 2022-04.04; 2022-01.02; 2022-03.02; 2022-05.02";632079714378424320;190162751404908544;782019264482844672;27;12;22;11;1.0;1.0;4.0
782106529083047936;1640831269969;44560.1027;"2022-01.10; 2022-08.10";"2022-03.07; 2022-07.07; 2023-01";"2022-01.10; 2022-08.10; 2022-03.07; 2022-07.07; 2023-01";638215163505344512;755157553532510208;782019264482844672;27;12;22;11;1.0;1.0;4.0
782080974245724160;1640825190464;44560.0323;"2022-10.06; 2022-19.12";"2022-12.10; 2023-02";"2022-10.06; 2022-19.12; 2022-12.10; 2023-02";592087579571048448;549730514500472832;780120939047309312;29;12;24;12;1.0;0.5;6.0
782069624790478848;1640824366697;44560.0228;"2022-06.01; 2022-08.01";"2022-10.08; 2022-06.08";"2022-06.01; 2022-08.01; 2022-10.08; 2022-06.08";697501556353875968;779194733871484928;779421624062623744;27;12;27;12;1.0;1.0;6.0
782072888688824320;1640823306930;44560.0105;"2022-15.03; 2022-05.03";2022-07.06;"2022-15.03; 2022-05.03; 2022-07.06";569413645557047296;68099914655481856;779421624062623744;27;12;27;12;1.0;1.0;6.0
782072236176723968;1640823301192;44560.0104;"2022-14.09; 2022-04.09";"2022-05.06; 2022-06.06";"2022-14.09; 2022-04.09; 2022-05.06; 2022-06.06";569413645557047296;781637529819533312;779421624062623744;27;12;27;12;1.0;1.0;6.0
782058165507383296;1640819809046;44559.9700;2022-07.04;2022-04.03;"2022-07.04; 2022-04.03";68099914655481856;81942294106095616;779421624062623744;27;12;27;12;1.0;1.0;6.0
782024874339225600;1640812174698;44559.8817;"2022-21.09; 2022-25.09; 2022-09.09; 2022-08.12; 2022-08.02";"2022-18.03; 2022-03.03; 2022-12.08";"2022-21.09; 2022-25.09; 2022-09.09; 2022-08.12; 2022-08.02; 2022-18.03; 2022-03.03; 2022-12.08";780919941691207680;728726452383621120;779544324282105856;25;12;21;9;1.0;0.5;4.0
781995170727112704;1640804857854;44559.7970;"2022-10.09; 2022-12.09; 2022-14.09; 2022-07.09";"2022-10.12; 2022-12.12; 2022-14.12; 2022-08.12";"2022-10.09; 2022-12.09; 2022-14.09; 2022-07.09; 2022-10.12; 2022-12.12; 2022-14.12; 2022-08.12";474238170234351616;728726452383621120;779544324282105856;25;12;21;9;1.0;0.5;4.0
781994885598310400;1640804682899;44559.7949;"2022-12.05; 2022-15.05; 2022-17.05";2022-10.07;"2022-12.05; 2022-15.05; 2022-17.05; 2022-10.07";777839601795641344;771874348867969024;780121638007087104;40;12;30;10;1.0;1.0;6.0
781978557948829696;1640801667670;44559.7600;"2022-04.02; 2022-06.02";"2022-03.09; 2022-08.09";"2022-04.02; 2022-06.02; 2022-03.09; 2022-08.09";497575474944274432;679466765285138432;781301291182899200;30;12;26;11;1.0;0.5;6.0
781924446314336256;1640790434207;44559.6300;"2022-10.02; 2022-03.02";"2022-06.01; 2022-08.01; 2023-01";"2022-10.02; 2022-03.02; 2022-06.01; 2022-08.01; 2023-01";633221999375749120;779194733871484928;779421624062623744;27;12;27;12;1.0;1.0;6.0
781926781505695744;1640789887443;44559.6237;2022-07.12;"2022-17.03; 2022-07.08";"2022-07.12; 2022-17.03; 2022-07.08";780919941691207680;474238170234351616;779544324282105856;25;12;21;9;1.0;0.5;4.0
781911091335770112;1640785165653;44559.5690;"2022-17.09; 2022-02.09";"2022-02.02; 2022-06.02; 2022-09.02";"2022-17.09; 2022-02.09; 2022-02.02; 2022-06.02; 2022-09.02";779194733871484928;781637529819533312;779421624062623744;27;12;27;12;1.0;1.0;6.0
781767922560409600;1640752834107;44559.1948;"2022-11.09; 2022-02.07";"2022-03.05; 2022-05.05";"2022-11.09; 2022-02.07; 2022-03.05; 2022-05.05";781287778720870400;781637529819533312;779421624062623744;27;12;27;12;1.0;1.0;6.0
781751149077389312;1640748741295;44559.1475;"2022-10.12; 2022-09.12; 2023-03";"2022-10.09; 2022-09.09; 2023-04";"2022-10.12; 2022-09.12; 2023-03; 2022-10.09; 2022-09.09; 2023-04";650148989739569152;471866918354022400;778041192968527872;35;12;34;10;1.0;0.5;6.0
781750565255401472;1640747083389;44559.1283;"2022-02.07; 2022-05.07; 2022-07.07";"2022-01.09; 2022-10.09";"2022-02.07; 2022-05.07; 2022-07.07; 2022-01.09; 2022-10.09";781637529819533312;781526079172161536;779421624062623744;27;12;27;12;1.0;1.0;6.0
781713597641445376;1640737624443;44559.0188;2022-04.04;"2022-08.08; 2023-03";"2022-04.04; 2022-08.08; 2023-03";777195748138844160;81942294106095616;780121638007087104;40;12;30;10;1.0;1.0;6.0
781701766923292672;1640736037210;44559.0004;"2022-15.03; 2022-07.03";"2022-08.09; 2022-12.02";"2022-15.03; 2022-07.03; 2022-08.09; 2022-12.02";737147201926651904;780919941691207680;779544324282105856;25;12;21;9;1.0;0.5;4.0
781684713801846784;1640731381105;44558.9465;"2022-11.05; 2022-14.05; 2023-01";2022-07.10;"2022-11.05; 2022-14.05; 2023-01; 2022-07.10";80418041682608128;771874348867969024;780121638007087104;40;12;30;10;1.0;1.0;6.0
781673125761941504;1640727984087;44558.9072;"2022-10.01; 2022-02.01; 2022-07.01";"2022-04.07; 2022-06.07; 2022-07.07";"2022-10.01; 2022-02.01; 2022-07.01; 2022-04.07; 2022-06.07; 2022-07.07";299252645695066112;649280994897133568;781301291182899200;30;12;26;11;1.0;0.5;6.0
781654057617059840;1640724690703;44558.8691;"2022-01.02; 2022-05.02";2022-01.01;"2022-01.02; 2022-05.02; 2022-01.01";633221999375749120;779194733871484928;779421624062623744;27;12;27;12;1.0;1.0;6.0
781657565611360256;1640724685630;44558.8690;"2022-01.11; 2022-08.11";2022-01.10;"2022-01.11; 2022-08.11; 2022-01.10";732276123328692224;780075241551605760;779421624062623744;27;12;27;12;1.0;1.0;6.0
781622601507270656;1640715923177;44558.7676;"2022-02.04; 2022-03.04; 2022-05.04; 2022-09.04";"2022-02.07; 2022-03.07; 2022-05.07; 2022-09.07";"2022-02.04; 2022-03.04; 2022-05.04; 2022-09.04; 2022-02.07; 2022-03.07; 2022-05.07; 2022-09.07";299252645695066112;459063532600684544;781301291182899200;30;12;26;11;1.0;0.5;6.0
781602790014324736;1640711306225;44558.7142;2022-08.03;"2022-08.02; 2024-04";"2022-08.03; 2022-08.02; 2024-04";438541152199634944;402200383587385344;778041192968527872;35;12;34;10;1.0;0.5;6.0
781593069823860736;1640708888901;44558.6862;"2022-10.05; 2022-13.05; 2022-08.05";2022-05.05;"2022-10.05; 2022-13.05; 2022-08.05; 2022-05.05";777839601795641344;771874348867969024;780121638007087104;40;12;30;10;1.0;1.0;6.0
781374261670793216;1640658035695;44558.0976;"2023-02; 2023-04";2022-18.01;"2023-02; 2023-04; 2022-18.01";636432103546044416;703712503976230912;779229707030917120;27;12;27;12;1.0;1.0;6.0
781376033869049856;1640657099105;44558.0868;2022-04.10;"2022-06.05; 2022-09.05";"2022-04.10; 2022-06.05; 2022-09.05";771874348867969024;80418041682608128;780121638007087104;40;12;30;10;1.0;1.0;6.0
781373228911554560;1640656451289;44558.0793;2022-03.08;2022-04.08;"2022-03.08; 2022-04.08";777195748138844160;402200383587385344;780121638007087104;40;12;30;10;1.0;1.0;6.0
781335995248644096;1640648008177;44557.9816;2023-02;2022-13.07;"2023-02; 2022-13.07";471794389216129024;602622497908658176;779507986019299328;37;12;33;13;1.0;0.8;4.0
781314643997130752;1640642476011;44557.9175;"2022-02.08; 2022-03.08";"2022-02.11; 2022-03.11";"2022-02.08; 2022-03.08; 2022-02.11; 2022-03.11";402200383587385344;777195748138844160;780121638007087104;40;12;30;10;1.0;1.0;6.0
781262590549557248;1640641035328;44557.9009;2022-03.01;"2022-04.05; 2022-07.05";"2022-03.01; 2022-04.05; 2022-07.05";771874348867969024;517823500656132096;780121638007087104;40;12;30;10;1.0;1.0;6.0
781264963929976832;1640631237326;44557.7875;"2022-11.02; 2023-02";2022-10.07;"2022-11.02; 2023-02; 2022-10.07";471794389216129024;340172827158134784;779507986019299328;37;12;33;13;1.0;0.8;4.0
781260558824529920;1640629584284;44557.7683;2022-01.07;"2022-02.05; 2022-05.05";"2022-01.07; 2022-02.05; 2022-05.05";771874348867969024;777839601795641344;780121638007087104;40;12;30;10;1.0;1.0;6.0
781256588001468416;1640628619326;44557.7572;"2022-08.03; 2023-02; 2023-03; 2022-12.07";2022-07.01;"2022-08.03; 2023-02; 2023-03; 2022-12.07; 2022-07.01";77802278253641728;737147201926651904;780120939047309312;29;12;24;12;1.0;0.5;6.0
781253369124818944;1640627850668;44557.7483;"2022-07.05; 2023-02";2022-06.01;"2022-07.05; 2023-02; 2022-06.01";77802278253641728;531520348296617984;780120939047309312;29;12;24;12;1.0;0.5;6.0
781234226887557120;1640623291831;44557.6955;2022-07.09;2022-06.02;"2022-07.09; 2022-06.02";477863596156514304;323233168121421824;778437736243052544;31;14;27;11;0.5;0.5;6.0
780967948746768384;1640581748023;44557.2147;2022-09.06;"2022-14.09; 2022-17.09; 2022-18.09";"2022-09.06; 2022-14.09; 2022-17.09; 2022-18.09";498366864963923968;569413645557047296;776591166320852992;30;12;27;12;1.0;1.0;6.0
781016690195660800;1640571551846;44557.0967;"2022-04.09; 2022-10.02";2022-04.06;"2022-04.09; 2022-10.02; 2022-04.06";620030048228950016;737147201926651904;779544324282105856;25;12;21;9;1.0;0.5;4.0
781013275549868032;1640570627930;44557.0860;"2022-06.09; 2022-07.09";"2022-12.07; 2022-12.11";"2022-06.09; 2022-07.09; 2022-12.07; 2022-12.11";323233168121421824;79645866264510464;778437736243052544;31;14;27;11;0.5;0.5;6.0
780999711384743936;1640568334117;44557.0594;"2022-04.09; 2022-05.09; 2022-06.09; 2022-08.09";"2022-01.02; 2022-05.02; 2022-08.02";"2022-04.09; 2022-05.09; 2022-06.09; 2022-08.09; 2022-01.02; 2022-05.02; 2022-08.02";737147201926651904;728726452383621120;779544324282105856;25;12;21;9;1.0;0.5;4.0
780936647943761920;1640553050787;44556.8825;2022-02.03;"2022-12.08; 2022-07.08";"2022-02.03; 2022-12.08; 2022-07.08";575808840030760960;780919941691207680;779544324282105856;25;12;21;9;1.0;0.5;4.0
780928143866597376;1640550319512;44556.8509;"2024-02; 2022-07.09";2022-06.07;"2024-02; 2022-07.09; 2022-06.07";471794389216129024;550517726846873600;779507986019299328;37;12;33;13;1.0;0.8;4.0
780919269075656704;1640548179987;44556.8262;"2022-06.09; 2023-03";2022-06.06;"2022-06.09; 2023-03; 2022-06.06";608807977280950272;550517726846873600;779507986019299328;37;12;33;13;1.0;0.8;4.0
780882814169321472;1640547322409;44556.8162;2022-05.03;"2022-05.06; 2023-03; 2022-15.12";"2022-05.03; 2022-05.06; 2023-03; 2022-15.12";549730514500472832;737147201926651904;780120939047309312;29;12;24;12;1.0;0.5;6.0
780912834933698560;1640546660254;44556.8086;"2022-11.03; 2022-08.03";2022-06.04;"2022-11.03; 2022-08.03; 2022-06.04";322969199464964096;602622497908658176;779507986019299328;37;12;33;13;1.0;0.8;4.0
780898702553640960;1640546488113;44556.8066;"2022-11.06; 2022-05.06; 2022-09.06";2022-01.05;"2022-11.06; 2022-05.06; 2022-09.06; 2022-01.05";762847786940108800;620030048228950016;779544324282105856;25;12;21;9;1.0;0.5;4.0
780893519576645632;1640542203938;44556.7570;"2022-11.07; 2022-03.02";"2022-05.08; 2022-08.08";"2022-11.07; 2022-03.02; 2022-05.08; 2022-08.08";575808840030760960;600120501171458048;779544324282105856;25;12;21;9;1.0;0.5;4.0
780861478969454592;1640539531197;44556.7261;"2022-15.04; 2022-02.04";"2022-11.08; 2022-03.08";"2022-15.04; 2022-02.04; 2022-11.08; 2022-03.08";575808840030760960;674820859688484864;779544324282105856;25;12;21;9;1.0;0.5;4.0
780877076399075328;1640538285388;44556.7116;"2022-10.02; 2022-07.02; 2022-08.02";"2022-10.04; 2022-07.04; 2022-08.04; 2023-03";"2022-10.02; 2022-07.02; 2022-08.02; 2022-10.04; 2022-07.04; 2022-08.04; 2023-03";438541152199634944;85488797743464448;778041192968527872;35;12;34;10;1.0;0.5;6.0
780861344898478080;1640534375727;44556.6664;2022-06.12;2022-06.08;"2022-06.12; 2022-06.08";341329974315266048;459468083564638208;778437736243052544;31;14;27;11;0.5;0.5;6.0
780844782913228800;1640531650905;44556.6348;"2022-04.02; 2022-06.02";2022-02.03;"2022-04.02; 2022-06.02; 2022-02.03";737147201926651904;665327225154912256;780120939047309312;29;12;24;12;1.0;0.5;6.0
780709068372291584;1640530275242;44556.6189;"2022-11.10; 2022-09.10";"2022-16.08; 2022-07.08";"2022-11.10; 2022-09.10; 2022-16.08; 2022-07.08";646474324542509056;574098067703029760;779066936188362752;28;12;27;12;1.0;1.0;6.0
780823960806952960;1640526851449;44556.5793;"2022-02.07; 2022-03.07";"2022-02.02; 2022-03.02";"2022-02.07; 2022-03.07; 2022-02.02; 2022-03.02";737147201926651904;600120501171458048;779544324282105856;25;12;21;9;1.0;0.5;4.0
780680688998670336;1640491505233;44556.1702;"2022-13.12; 2022-02.12";"2022-10.06; 2022-05.06; 2023-01; 2023-03";"2022-13.12; 2022-02.12; 2022-10.06; 2022-05.06; 2023-01; 2023-03";605613203451371520;549730514500472832;780120939047309312;29;12;24;12;1.0;0.5;6.0
780662162518761472;1640486892012;44556.1168;2022-05.13;2022-10.03;"2022-05.13; 2022-10.03";341329974315266048;66689159758495744;778437736243052544;31;14;27;11;0.5;0.5;6.0
780639939053481984;1640481593063;44556.0555;"2022-07.04; 2023-01";2022-04.03;"2022-07.04; 2023-01; 2022-04.03";531520348296617984;562415214043598848;780120939047309312;29;12;24;12;1.0;0.5;6.0
780614420354297856;1640475650328;44555.9867;"2022-05.06; 2022-07.06";2022-03.07;"2022-05.06; 2022-07.06; 2022-03.07";471794389216129024;608807977280950272;779507986019299328;37;12;33;13;1.0;0.8;4.0
780592494151950336;1640470459804;44555.9266;"2022-01.07; 2022-08.07";"2022-01.11; 2022-05.11; 2023-03; 2023-04";"2022-01.07; 2022-08.07; 2022-01.11; 2022-05.11; 2023-03; 2023-04";618648149464178688;600120501171458048;779544324282105856;25;12;21;9;1.0;0.5;4.0
780541164674805760;1640458042500;44555.7829;"2022-01.04; 2022-06.04";"2024-01; 2022-02.10; 2022-03.10";"2022-01.04; 2022-06.04; 2024-01; 2022-02.10; 2022-03.10";322969199464964096;461662759449260032;779507986019299328;37;12;33;13;1.0;0.8;4.0
780515534600032256;1640452021520;44555.7132;"2022-03.10; 2022-06.10; 2023-01";"2022-01.01; 2022-27.01; 2022-29.01";"2022-03.10; 2022-06.10; 2023-01; 2022-01.01; 2022-27.01; 2022-29.01";77802278253641728;592087579571048448;780120939047309312;29;12;24;12;1.0;0.5;6.0
780455610281029632;1640450473867;44555.6953;"2022-15.06; 2022-17.06; 2022-21.06";"2022-14.05; 2022-19.05; 2022-20.05";"2022-15.06; 2022-17.06; 2022-21.06; 2022-14.05; 2022-19.05; 2022-20.05";303383289639473152;569413645557047296;776591166320852992;30;12;27;12;1.0;1.0;6.0
780506381567565824;1640449862428;44555.6882;"2022-06.11; 2022-08.11";2022-04.05;"2022-06.11; 2022-08.11; 2022-04.05";531520348296617984;596857056544210944;780120939047309312;29;12;24;12;1.0;0.5;6.0
780429223558041600;1640434983802;44555.5160;2022-01.10;"2022-03.11; 2024-01; 2024-02";"2022-01.10; 2022-03.11; 2024-01; 2024-02";516422519261388800;322969199464964096;779507986019299328;37;12;33;13;1.0;0.8;4.0
780348744951558144;1640412193852;44555.2522;2022-05.09;"2023-01; 2024-01";"2022-05.09; 2023-01; 2024-01";650148989739569152;309396564642627584;778041192968527872;35;12;34;10;1.0;0.5;6.0
780314434731175936;1640404803072;44555.1667;2022-03.06;"2022-04.03; 2022-09.03";"2022-03.06; 2022-04.03; 2022-09.03";737147201926651904;531520348296617984;780120939047309312;29;12;24;12;1.0;0.5;6.0
780304907197652992;1640402716766;44555.1426;2022-02.05;"2022-03.06; 2022-09.06";"2022-02.05; 2022-03.06; 2022-09.06";605613203451371520;531520348296617984;780120939047309312;29;12;24;12;1.0;0.5;6.0
780288531158454272;1640397871759;44555.0865;"2022-01.09; 2024-03";"2022-05.03; 2023-01; 2024-01; 2024-02";"2022-01.09; 2024-03; 2022-05.03; 2023-01; 2024-01; 2024-02";602622497908658176;550517726846873600;779507986019299328;37;12;33;13;1.0;0.8;4.0
780276482592350208;1640395033986;44555.0536;"2022-11.09; 2022-03.09; 2022-04.09";"2022-14.04; 2022-06.04; 2022-02.08";"2022-11.09; 2022-03.09; 2022-04.09; 2022-14.04; 2022-06.04; 2022-02.08";562415214043598848;435177029751533568;780120939047309312;29;12;24;12;1.0;0.5;6.0
780275758504464384;1640394864280;44555.0517;"2022-02.03; 2022-04.03; 2022-09.03";2022-01.05;"2022-02.03; 2022-04.03; 2022-09.03; 2022-01.05";468919768456359936;602622497908658176;779507986019299328;37;12;33;13;1.0;0.8;4.0
780214643485425664;1640380259936;44554.8826;2022-05.06;"2023-03; 2022-05.12; 2023-02";"2022-05.06; 2023-03; 2022-05.12; 2023-02";471866918354022400;462028117192470528;778041192968527872;35;12;34;10;1.0;0.5;6.0
780193850265317376;1640375232875;44554.8245;"2022-12.07; 2022-02.07; 2022-04.07";"2022-01.03; 2022-07.03";"2022-12.07; 2022-02.07; 2022-04.07; 2022-01.03; 2022-07.03";737147201926651904;572259369223073792;780120939047309312;29;12;24;12;1.0;0.5;6.0
780189973742772224;1640374306713;44554.8137;"2022-01.04; 2022-08.04";"2022-02.08; 2022-04.08";"2022-01.04; 2022-08.04; 2022-02.08; 2022-04.08";750003717998321664;562415214043598848;780120939047309312;29;12;24;12;1.0;0.5;6.0
780163023099854848;1640369961723;44554.7634;2022-13.11;2022-04.09;"2022-13.11; 2022-04.09";79645866264510464;323233168121421824;778437736243052544;31;14;27;11;0.5;0.5;6.0
779911243061678080;1640308087894;44554.0473;2022-26.07;"2022-26.08; 2022-27.08; 2022-32.08";"2022-26.07; 2022-26.08; 2022-27.08; 2022-32.08";776886155928076288;647851235885547520;776668827420348416;32;12;28;10;1.0;0.5;4.0
779892546909458432;1640306178893;44554.0252;"2022-03.08; 2022-07.08";"2022-03.12; 2022-06.12";"2022-03.08; 2022-07.08; 2022-03.12; 2022-06.12";434949039532797952;459468083564638208;778437736243052544;31;14;27;11;0.5;0.5;6.0
779881018353192960;1640300700933;44553.9618;"2022-12.07; 2022-03.07";"2022-05.11; 2022-06.11";"2022-12.07; 2022-03.07; 2022-05.11; 2022-06.11";323233168121421824;510374672088236032;778437736243052544;31;14;27;11;0.5;0.5;6.0
779846754370768896;1640292768630;44553.8700;"2022-04.04; 2023-02";2022-04.09;"2022-04.04; 2023-02; 2022-04.09";309396564642627584;438541152199634944;778041192968527872;35;12;34;10;1.0;0.5;6.0
779847875340398592;1640292750190;44553.8698;"2022-25.12; 2022-27.12";2022-25.10;"2022-25.12; 2022-27.12; 2022-25.10";459898698160140288;776843075728384000;776668827420348416;32;12;28;10;1.0;0.5;4.0
779836886259777536;1640290966449;44553.8491;"2022-04.09; 2022-05.09; 2023-02";"2022-03.11; 2022-06.11; 2023-04";"2022-04.09; 2022-05.09; 2023-02; 2022-03.11; 2022-06.11; 2023-04";309396564642627584;650148989739569152;778041192968527872;35;12;34;10;1.0;0.5;6.0
779797957506707456;1640283497617;44553.7627;"2022-01.10; 2022-03.10";"2022-01.02; 2022-04.02";"2022-01.10; 2022-03.10; 2022-01.02; 2022-04.02";450806234967175168;574098067703029760;779066936188362752;28;12;27;12;1.0;1.0;6.0
779784722548125696;1640280368903;44553.7265;2022-14.06;"2022-11.05; 2022-11.06";"2022-14.06; 2022-11.05; 2022-11.06";303383289639473152;569413645557047296;776591166320852992;30;12;27;12;1.0;1.0;6.0
779780920579354624;1640277615561;44553.6946;"2022-10.06; 2022-11.06; 2022-07.06";"2022-06.05; 2022-08.05";"2022-10.06; 2022-11.06; 2022-07.06; 2022-06.05; 2022-08.05";303383289639473152;569413645557047296;776591166320852992;30;12;27;12;1.0;1.0;6.0
779509106259148800;1640217469172;44552.9985;"2022-09.08; 2022-07.04; 2022-08.04";"2022-10.10; 2022-12.10; 2022-08.10; 2022-09.10";"2022-09.08; 2022-07.04; 2022-08.04; 2022-10.10; 2022-12.10; 2022-08.10; 2022-09.10";723326154026590208;654358127671599104;776591166320852992;30;12;27;12;1.0;1.0;6.0
779507882474479616;1640211689280;44552.9316;2022-14.08;2022-13.07;"2022-14.08; 2022-13.07";603632584265629696;387025223876403200;774628710849589248;30;12;30;12;1.0;1.0;6.0
779506471439343616;1640211488429;44552.9293;"2023-03; 2022-14.08";"2022-18.03; 2023-02";"2023-03; 2022-14.08; 2022-18.03; 2023-02";387025223876403200;603632584265629696;774628710849589248;30;12;30;12;1.0;1.0;6.0
779504402787577856;1640211428561;44552.9286;"2022-05.08; 2022-06.08";"2022-07.04; 2022-08.04; 2022-09.04";"2022-05.08; 2022-06.08; 2022-07.04; 2022-08.04; 2022-09.04";652075638475280384;654358127671599104;776591166320852992;30;12;27;12;1.0;1.0;6.0
779497925700108288;1640209314834;44552.9041;"2022-13.08; 2022-20.08";"2022-13.07; 2022-19.07";"2022-13.08; 2022-20.08; 2022-13.07; 2022-19.07";470665064764928000;603632584265629696;774628710849589248;30;12;30;12;1.0;1.0;6.0
779470470532759552;1640208672446;44552.8967;"2022-04.09; 2022-07.09";"2022-05.12; 2022-06.12";"2022-04.09; 2022-07.09; 2022-05.12; 2022-06.12";81942294106095616;498366864963923968;776591166320852992;30;12;27;12;1.0;1.0;6.0
779434012459606016;1640194273845;44552.7300;"2022-01.09; 2022-02.09";"2022-01.10; 2022-02.10";"2022-01.09; 2022-02.09; 2022-01.10; 2022-02.10";503348973050785792;670752022445752320;778305939618070528;26;12;26;11;1.0;0.5;4.0
779433914627416064;1640194077879;44552.7278;"2022-02.02; 2023-03";"2022-03.12; 2023-01";"2022-02.02; 2023-03; 2022-03.12; 2023-01";471866918354022400;85488797743464448;778041192968527872;35;12;34;10;1.0;0.5;6.0
779247707859607552;1640149711201;44552.2143;2022-06.07;2022-02.13;"2022-06.07; 2022-02.13";66689159758495744;490372093356011520;778437736243052544;31;14;27;11;0.5;0.5;6.0
779239943544446976;1640149141939;44552.2077;"2022-03.04; 2022-06.04";"2022-03.09; 2022-05.09";"2022-03.04; 2022-06.04; 2022-03.09; 2022-05.09";498366864963923968;652075638475280384;776591166320852992;30;12;27;12;1.0;1.0;6.0
779240692999397376;1640148346807;44552.1985;2022-01.13;2022-06.14;"2022-01.13; 2022-06.14";430811326277758976;66689159758495744;778437736243052544;31;14;27;11;0.5;0.5;6.0
779225263023190016;1640144443201;44552.1533;2022-16.11;"2022-17.02; 2022-19.02";"2022-16.11; 2022-17.02; 2022-19.02";652545221573320704;568136862854729728;777216768962924544;31;12;26;10;1.0;0.5;6.0
779218559808299008;1640142747528;44552.1337;2022-02.07;2022-07.08;"2022-02.07; 2022-07.08";654358127671599104;557672129766236160;776591166320852992;30;12;27;12;1.0;1.0;6.0
779141983729168384;1640124443920;44551.9218;2022-02.02;2022-10.03;"2022-02.02; 2022-10.03";578632888799510528;68099914655481856;776591166320852992;30;12;27;12;1.0;1.0;6.0
779123991691567104;1640120303236;44551.8739;2022-02.05;2022-01.05;"2022-02.05; 2022-01.05";68099914655481856;303383289639473152;776591166320852992;30;12;27;12;1.0;1.0;6.0
779115398225399808;1640118172075;44551.8492;"2022-01.03; 2022-08.03";"2022-14.01; 2022-03.01; 2022-06.01; 2022-02.07";"2022-01.03; 2022-08.03; 2022-14.01; 2022-03.01; 2022-06.01; 2022-02.07";490372093356011520;341329974315266048;778437736243052544;31;14;27;11;0.5;0.5;6.0
779102737920086016;1640116095768;44551.8252;2022-01.02;2022-01.05;"2022-01.02; 2022-01.05";303383289639473152;68099914655481856;776591166320852992;30;12;27;12;1.0;1.0;6.0
779080195528388608;1640110272315;44551.7578;"2022-22.04; 2022-24.12";2022-21.04;"2022-22.04; 2022-24.12; 2022-21.04";776843075728384000;464960494856302592;776668827420348416;32;12;28;10;1.0;0.5;4.0
779038604524691456;1640108884025;44551.7417;"2022-14.11; 2022-18.11";"2022-15.02; 2022-17.07";"2022-14.11; 2022-18.11; 2022-15.02; 2022-17.07";449844846463545344;568136862854729728;777216768962924544;31;12;26;10;1.0;0.5;6.0
779057808053309440;1640104817850;44551.6947;"2022-10.08; 2023-04";"2022-10.10; 2023-03";"2022-10.08; 2023-04; 2022-10.10; 2023-03";458783053464989696;603632584265629696;774628710849589248;30;12;30;12;1.0;1.0;6.0
778878747545042944;1640100984661;44551.6503;2022-31.09;"2022-31.12; 2022-32.12";"2022-31.09; 2022-31.12; 2022-32.12";776843075728384000;177515371962974208;776668827420348416;32;12;28;10;1.0;0.5;4.0
779041759513710592;1640100558883;44551.6454;2022-01.01;"2022-02.07; 2022-06.07; 2022-07.07";"2022-01.01; 2022-02.07; 2022-06.07; 2022-07.07";510374672088236032;490372093356011520;778437736243052544;31;14;27;11;0.5;0.5;6.0
778820301760094208;1640048004526;44551.0371;"2022-11.02; 2022-15.02";"2022-12.02; 2022-15.07";"2022-11.02; 2022-15.02; 2022-12.02; 2022-15.07";449844846463545344;652545221573320704;777216768962924544;31;12;26;10;1.0;0.5;6.0
778765862692982784;1640040142309;44550.9461;"2022-09.03; 2023-03";2022-09.05;"2022-09.03; 2023-03; 2022-09.05";76715073045151744;387025223876403200;774628710849589248;30;12;30;12;1.0;1.0;6.0
778678973612896256;1640031844735;44550.8501;"2022-09.07; 2023-03";2022-09.09;"2022-09.07; 2023-03; 2022-09.09";569745198620225536;470665064764928000;774628710849589248;30;12;30;12;1.0;1.0;6.0
778744991668416512;1640029863248;44550.8271;"2022-10.09; 2023-03";"2022-10.10; 2023-02";"2022-10.09; 2023-03; 2022-10.10; 2023-02";655647920300855296;652665844953886720;777216768962924544;31;12;26;10;1.0;0.5;6.0
778727037555818496;1640025528489;44550.7770;"2023-01; 2022-14.10";2022-10.08;"2023-01; 2022-14.10; 2022-10.08";652545221573320704;647589321079087104;777216768962924544;31;12;26;10;1.0;0.5;6.0
778724705413791744;1640024993109;44550.7708;"2023-01; 2022-14.10";2022-10.08;"2023-01; 2022-14.10; 2022-10.08";647589321079087104;652545221573320704;777216768962924544;31;12;26;10;1.0;0.5;6.0
778686656554344448;1640015898349;44550.6655;2022-10.02;"2022-11.12; 2022-16.12; 2022-24.12";"2022-10.02; 2022-11.12; 2022-16.12; 2022-24.12";543584071319343104;356544260507738112;777216768962924544;31;12;26;10;1.0;0.5;6.0
778405336578289664;1639970398168;44550.1389;"2022-17.10; 2022-19.10";2022-14.06;"2022-17.10; 2022-19.10; 2022-14.06";383214739951697920;459898698160140288;776668827420348416;32;12;28;10;1.0;0.5;4.0
778481978969595904;1639967105915;44550.1008;"2022-10.06; 2022-09.06; 2023-02";"2022-10.12; 2022-09.12; 2023-03; 2023-04";"2022-10.06; 2022-09.06; 2023-02; 2022-10.12; 2022-09.12; 2023-03; 2023-04";543584071319343104;712924443642511360;777216768962924544;31;12;26;10;1.0;0.5;6.0
778441964449599488;1639958032321;44549.9957;2022-09.08;2022-08.05;"2022-09.08; 2022-08.05";773804409561104384;724359297408032768;778124014655938560;27;14;23;11;1.0;0.5;5.0
778405659757797376;1639948927245;44549.8904;"2022-13.02; 2022-08.02";"2022-14.10; 2022-07.03";"2022-13.02; 2022-08.02; 2022-14.10; 2022-07.03";655647920300855296;652545221573320704;777216768962924544;31;12;26;10;1.0;0.5;6.0
778393787306500096;1639946129304;44549.8580;"2022-14.07; 2022-07.07";"2022-12.02; 2022-07.02";"2022-14.07; 2022-07.07; 2022-12.02; 2022-07.02";652545221573320704;449844846463545344;777216768962924544;31;12;26;10;1.0;0.5;6.0
778384911748009984;1639943993723;44549.8333;"2022-12.06; 2022-18.06; 2022-07.06";"2022-11.03; 2022-17.03; 2022-08.03";"2022-12.06; 2022-18.06; 2022-07.06; 2022-11.03; 2022-17.03; 2022-08.03";448031778062462976;712924443642511360;777216768962924544;31;12;26;10;1.0;0.5;6.0
778153873444589568;1639889638389;44549.2041;"2022-01.10; 2022-02.10";"2022-01.05; 2022-02.05";"2022-01.10; 2022-02.10; 2022-01.05; 2022-02.05";773804409561104384;726846704451678208;778124014655938560;27;14;23;11;1.0;0.5;5.0
778077809339006976;1639870746772;44548.9855;2022-06.02;"2023-01; 2022-18.04";"2022-06.02; 2023-01; 2022-18.04";77230384135684096;545746701559980032;774628710849589248;30;12;30;12;1.0;1.0;6.0
778061755426451456;1639867738328;44548.9507;"2022-05.06; 2022-06.06";"2022-06.01; 2022-05.02";"2022-05.06; 2022-06.06; 2022-06.01; 2022-05.02";356544260507738112;712924443642511360;777216768962924544;31;12;26;10;1.0;0.5;6.0
778021951095599104;1639860025812;44548.8614;"2022-12.03; 2022-14.03";2022-10.09;"2022-12.03; 2022-14.03; 2022-10.09";177515371962974208;668262117522108416;776668827420348416;32;12;28;10;1.0;0.5;4.0
778016768194150400;1639857094972;44548.8275;"2022-10.10; 2022-12.12; 2022-24.12";"2022-10.04; 2022-11.04; 2022-21.04";"2022-10.10; 2022-12.12; 2022-24.12; 2022-10.04; 2022-11.04; 2022-21.04";464960494856302592;776843075728384000;776668827420348416;32;12;28;10;1.0;0.5;4.0
778007662788022272;1639854143877;44548.7933;"2022-10.05; 2022-09.12";"2022-10.10; 2022-13.10; 2022-15.10";"2022-10.05; 2022-09.12; 2022-10.10; 2022-13.10; 2022-15.10";459898698160140288;776843075728384000;776668827420348416;32;12;28;10;1.0;0.5;4.0
777788310658682880;1639806285570;44548.2394;"2022-10.02; 2022-05.02";2022-04.01;"2022-10.02; 2022-05.02; 2022-04.01";356544260507738112;652545221573320704;777216768962924544;31;12;26;10;1.0;0.5;6.0
777767636124708864;1639796845520;44548.1302;"2022-03.01; 2022-08.01";"2022-03.03; 2022-08.07";"2022-03.01; 2022-08.01; 2022-03.03; 2022-08.07";449844846463545344;356544260507738112;777216768962924544;31;12;26;10;1.0;0.5;6.0
777735457172783104;1639789323667;44548.0431;"2022-04.10; 2022-07.10";"2022-03.03; 2022-08.12";"2022-04.10; 2022-07.10; 2022-03.03; 2022-08.12";421520497340076032;458783053464989696;774628710849589248;30;12;30;12;1.0;1.0;6.0
777691500380332032;1639778661786;44547.9197;"2022-09.08; 2023-01";2022-03.02;"2022-09.08; 2023-01; 2022-03.02";545746701559980032;603632584265629696;774628710849589248;30;12;30;12;1.0;1.0;6.0
777689980708507648;1639778273858;44547.9152;2022-03.03;"2022-09.12; 2023-01";"2022-03.03; 2022-09.12; 2023-01";421520497340076032;545746701559980032;774628710849589248;30;12;30;12;1.0;1.0;6.0
777682073321410560;1639776397932;44547.8935;"2022-04.08; 2022-05.08";"2022-03.09; 2022-09.04";"2022-04.08; 2022-05.08; 2022-03.09; 2022-09.04";77230384135684096;603632584265629696;774628710849589248;30;12;30;12;1.0;1.0;6.0
777669376114556928;1639773750318;44547.8629;2022-07.09;"2022-15.03; 2022-08.03";"2022-07.09; 2022-15.03; 2022-08.03";668262117522108416;177515371962974208;776668827420348416;32;12;28;10;1.0;0.5;4.0
777665015426777088;1639772869050;44547.8527;"2022-06.06; 2023-01";2022-02.02;"2022-06.06; 2023-01; 2022-02.02";545746701559980032;519404307968225280;774628710849589248;30;12;30;12;1.0;1.0;6.0
777649737720532992;1639769061400;44547.8086;"2022-04.11; 2022-06.11";2022-02.03;"2022-04.11; 2022-06.11; 2022-02.03";387025223876403200;641897076539637760;774628710849589248;30;12;30;12;1.0;1.0;6.0
777643530393927680;1639767780219;44547.7938;"2022-10.05; 2022-07.05; 2022-08.05";"2022-10.12; 2022-07.12; 2022-08.12";"2022-10.05; 2022-07.05; 2022-08.05; 2022-10.12; 2022-07.12; 2022-08.12";776843075728384000;650613542369722368;776668827420348416;32;12;28;10;1.0;0.5;4.0
777587314296803328;1639754483155;44547.6399;"2022-13.09; 2022-03.09; 2022-08.09; 2023-01";"2022-01.04; 2022-16.04";"2022-13.09; 2022-03.09; 2022-08.09; 2023-01; 2022-01.04; 2022-16.04";77230384135684096;569745198620225536;774628710849589248;30;12;30;12;1.0;1.0;6.0
777356744820187136;1639752128357;44547.6126;"2022-03.03; 2022-07.03; 2023-01";"2022-01.02; 2022-16.02";"2022-03.03; 2022-07.03; 2023-01; 2022-01.02; 2022-16.02";545746701559980032;387025223876403200;774628710849589248;30;12;30;12;1.0;1.0;6.0
777408568835198976;1639713155359;44547.1615;"2022-02.03; 2022-04.03; 2022-07.03";"2022-02.10; 2022-04.10; 2022-08.10";"2022-02.03; 2022-04.03; 2022-07.03; 2022-02.10; 2022-04.10; 2022-08.10";655647920300855296;448031778062462976;777216768962924544;31;12;26;10;1.0;0.5;6.0
777334989774852096;1639693714600;44546.9365;"2022-01.03; 2022-03.03; 2022-05.03";"2022-01.07; 2022-03.07; 2022-05.07";"2022-01.03; 2022-03.03; 2022-05.03; 2022-01.07; 2022-03.07; 2022-05.07";449844846463545344;448031778062462976;777216768962924544;31;12;26;10;1.0;0.5;6.0
777017304771895296;1639621475786;44546.1004;"2022-03.05; 2022-10.03";"2022-05.01; 2022-07.01";"2022-03.05; 2022-10.03; 2022-05.01; 2022-07.01";701698175811010560;668262117522108416;776668827420348416;32;12;28;10;1.0;0.5;4.0
776990224130674688;1639611477953;44545.9847;"2022-02.05; 2022-03.05; 2022-05.05";"2022-02.03; 2022-03.03; 2022-05.03";"2022-02.05; 2022-03.05; 2022-05.05; 2022-02.03; 2022-03.03; 2022-05.03";668262117522108416;650613542369722368;776668827420348416;32;12;28;10;1.0;0.5;4.0
776332769382096896;1639454691106;44544.1700;2022-11.11;2022-12.11;"2022-11.11; 2022-12.11";397290471220584448;462023909357645824;775510432537534464;21;12;21;9;1.0;0.5;4.0
776326966537359360;1639454465656;44544.1674;2022-12.11;2023-02;"2022-12.11; 2023-02";397290471220584448;462023909357645824;775510432537534464;21;12;21;9;1.0;0.5;4.0
775883604684603392;1639348585023;44542.9420;"2022-03.05; 2022-05.05; 2023-01";"2022-02.11; 2022-06.11";"2022-03.05; 2022-05.05; 2023-01; 2022-02.11; 2022-06.11";462023909357645824;464384809104306176;775510432537534464;21;12;21;9;1.0;0.5;4.0
775881329908035584;1639347503690;44542.9294;2022-03.07;2022-02.12;"2022-03.07; 2022-02.12";452709639176318976;397290471220584448;775510432537534464;21;12;21;9;1.0;0.5;4.0
775856878835191808;1639341300638;44542.8576;2022-02.05;2022-01.12;"2022-02.05; 2022-01.12";452709639176318976;464384809104306176;775510432537534464;21;12;21;9;1.0;0.5;4.0
775585697473126400;1639339091423;44542.8321;2022-01.11;"2022-01.08; 2022-10.08";"2022-01.11; 2022-01.08; 2022-10.08";611400825088233472;462023909357645824;775510432537534464;21;12;21;9;1.0;0.5;4.0
775514100871630848;1639259513396;44541.9110;2022-02.01;2022-02.06;"2022-02.01; 2022-02.06";433460427419021312;392726552812531712;774810585736056832;30;12;25;10;1.0;0.5;4.0
775471180709777408;1639250211856;44541.8034;"2022-02.09; 2022-12.02; 2022-09.02";"2022-03.08; 2022-04.08";"2022-02.09; 2022-12.02; 2022-09.02; 2022-03.08; 2022-04.08";466248432437161984;469600114252443648;774810585736056832;30;12;25;10;1.0;0.5;4.0
775266750626459648;1639200634444;44541.2296;2022-01.02;"2022-02.09; 2022-04.09";"2022-01.02; 2022-02.09; 2022-04.09";462061823445692416;469600114252443648;774810585736056832;30;12;25;10;1.0;0.5;4.0
775252838422011904;1639197372554;44541.1918;"2023-01; 2023-02; 2023-03";2022-01.03;"2023-01; 2023-02; 2023-03; 2022-01.03";567779702859083776;601477012971913216;774810585736056832;30;12;25;10;1.0;0.5;4.0
774207824640262144;1638948079423;44538.3065;2022-01.01;"2022-01.11; 2022-03.11";"2022-01.01; 2022-01.11; 2022-03.11";9;1;774161791528927232;20;12;25;9;1.0;0.0;4.0
