Trade_ID;Time;Day;Items1;Items2;All_Items;Items1_Owner;Items2_Owner;League_ID;Total_Rosters;Total_Players;Start_Players;Rec_Bonus;Rec_Bonus_TE;Pass_TD;Old_League_ID
785701043433598976;1641690434877;44570.0467;"Amari Cooper,WR,DAL";"Darnell Mooney,WR,CHI";"Amari Cooper,WR,DAL; Darnell Mooney,WR,CHI";445807296228880384;540273662582349824;785017366642851840;12;21;11;1.0;0.8;6.0;676485135431995392
785678158287728640;1641687732233;44570.0154;"Jonathan Taylor,RB,IND; Rashod Bateman,WR,BAL";"Nick Chubb,RB,CLE; Darnell Mooney,WR,CHI; Elijah Mitchell,RB,SF; 2022-01.01";"Jonathan Taylor,RB,IND; Rashod Bateman,WR,BAL; Nick Chubb,RB,CLE; Darnell Mooney,WR,CHI; Elijah Mitchell,RB,SF; 2022-01.01";542787977079848960;445807296228880384;785017366642851840;12;21;11;1.0;0.8;6.0;676485135431995392
785694220626526208;1641686644024;44570.0028;"2022-02.12; 2022-01.10";"Michael Thomas,WR,NO";"2022-02.12; 2022-01.10; Michael Thomas,WR,NO";673369302405050368;337023694436065280;785311430479065088;12;29;9;1.0;0.0;4.0;674792601639034880
785692815886954496;1641686490774;44570.0011;"Amon-Ra St. Brown,WR,DET; 2022-02.06; 2022-02.04";"Stefon Diggs,WR,BUF; Khalil Herbert,RB,CHI; Chuba Hubbard,RB,CAR";"Amon-Ra St. Brown,WR,DET; 2022-02.06; 2022-02.04; Stefon Diggs,WR,BUF; Khalil Herbert,RB,CHI; Chuba Hubbard,RB,CAR";301234379164758016;471794389216129024;784509061679919104;12;28;10;0.5;1.0;6.0;737091139785629696
785682379573485568;1641684170731;44569.9742;"2022-01.10; 2024-03";"Michael Thomas,WR,NO";"2022-01.10; 2024-03; Michael Thomas,WR,NO";442934057945264128;452232712967680000;784465011463598080;12;25;10;1.0;0.5;4.0;649699987374051328
785667725845610496;1641680347211;44569.9299;"Brandon Aiyuk,WR,SF; Laviska Shenault,WR,JAX";"Darnell Mooney,WR,CHI; Lynn Bowden,WR,MIA; 2022-02.08";"Brandon Aiyuk,WR,SF; Laviska Shenault,WR,JAX; Darnell Mooney,WR,CHI; Lynn Bowden,WR,MIA; 2022-02.08";556919929803636736;465715797554098176;785589170096738304;12;25;10;1.0;0.0;4.0;650073573712580608
785451790110973952;1641679414351;44569.9191;"Mitchell Trubisky,QB,BUF";2022-03.01;"Mitchell Trubisky,QB,BUF; 2022-03.01";461332055293161472;411237276278861824;784482002748502016;12;25;10;1.0;1.0;6.0;650007219852627968
785660534182920192;1641678731836;44569.9112;"Jamison Crowder,WR,NYJ; Saquon Barkley,RB,NYG; Melvin Gordon,RB,DEN";"Aaron Jones,RB,GB; Christian Kirk,WR,ARI; 2022-02.01";"Jamison Crowder,WR,NYJ; Saquon Barkley,RB,NYG; Melvin Gordon,RB,DEN; Aaron Jones,RB,GB; Christian Kirk,WR,ARI; 2022-02.01";655840181294800896;391253693858607104;784572808956096512;12;25;11;1.0;0.5;4.0;675834726908493824
785635651751227392;1641672838696;44569.8430;"Jonathan Taylor,RB,IND";"Nick Chubb,RB,CLE; 2022-01.03";"Jonathan Taylor,RB,IND; Nick Chubb,RB,CLE; 2022-01.03";459050218625691648;435681325110784000;784898220814880768;12;26;10;1.0;0.0;4.0;666715498150469632
785355904932528128;1641672683988;44569.8412;"Jalen Hurts,QB,PHI; Austin Ekeler,RB,LAC; Stefon Diggs,WR,BUF";"Jared Goff,QB,DET; DK Metcalf,WR,SEA; Najee Harris,RB,PIT";"Jalen Hurts,QB,PHI; Austin Ekeler,RB,LAC; Stefon Diggs,WR,BUF; Jared Goff,QB,DET; DK Metcalf,WR,SEA; Najee Harris,RB,PIT";422261436429893632;512431898197118976;784534835321528320;12;26;11;1.0;0.5;6.0;657858459475206144
785632372568899584;1641672325266;44569.8371;"Quintez Cephus,WR,DET; 2022-02.06";"Kenny Golladay,WR,NYG";"Quintez Cephus,WR,DET; 2022-02.06; Kenny Golladay,WR,NYG";435681325110784000;383822252874993664;785589170096738304;12;25;10;1.0;0.0;4.0;650073573712580608
785629046435512320;1641671338532;44569.8257;"Patrick Mahomes,QB,KC; Ronald Jones,RB,TB; Travis Kelce,TE,KC; 2022-03.07";"CeeDee Lamb,WR,DAL; Deshaun Watson,QB,HOU; Dallas Goedert,TE,PHI; 2022-03.01; 2023-01";"Patrick Mahomes,QB,KC; Ronald Jones,RB,TB; Travis Kelce,TE,KC; 2022-03.07; CeeDee Lamb,WR,DAL; Deshaun Watson,QB,HOU; Dallas Goedert,TE,PHI; 2022-03.01; 2023-01";385963879467106304;332309029634199552;784454954898300928;12;23;9;0.5;0.5;4.0;650031766039527424
785629731466059776;1641671265275;44569.8248;"DeeJay Dallas,RB,SEA; Bryan Edwards,WR,LV; Josh Palmer,WR,LAC";2022-01.08;"DeeJay Dallas,RB,SEA; Bryan Edwards,WR,LV; Josh Palmer,WR,LAC; 2022-01.08";670479489674842112;328241900035276800;784937019108376576;12;32;10;1.0;0.8;6.0;670407025074720768
785599566832627712;1641670805333;44569.8195;"Josh Palmer,WR,LAC";2022-02.10;"Josh Palmer,WR,LAC; 2022-02.10";571794470743543808;337023694436065280;785311430479065088;12;29;9;1.0;0.0;4.0;674792601639034880
785477201754779648;1641670511209;44569.8161;"Brandon Aiyuk,WR,SF";"Jakobi Meyers,WR,NE; Rashaad Penny,RB,SEA";"Brandon Aiyuk,WR,SF; Jakobi Meyers,WR,NE; Rashaad Penny,RB,SEA";433331437169537024;279816408622166016;785411543046189056;12;25;11;1.0;0.8;5.0;717790224670867456
785606998011068416;1641670111358;44569.8115;"James Washington,WR,PIT";"Parris Campbell,WR,IND";"James Washington,WR,PIT; Parris Campbell,WR,IND";723971702660345856;467758043052896256;785311564424204288;12;25;11;1.0;0.5;4.0;723737887400620032
785616311824031744;1641670049822;44569.8108;"Saquon Barkley,RB,NYG";"Dawson Knox,TE,BUF; Amon-Ra St. Brown,WR,DET";"Saquon Barkley,RB,NYG; Dawson Knox,TE,BUF; Amon-Ra St. Brown,WR,DET";319880880027860992;455148437952786432;784858942240063488;12;25;9;0.0;1.5;4.0;682800658415443968
785386228051763200;1641664764567;44569.7496;"George Kittle,TE,SF; Michael Gallup,WR,DAL; 2022-04.12";"Hunter Henry,TE,NE; Mike Williams,WR,LAC; Saquon Barkley,RB,NYG";"George Kittle,TE,SF; Michael Gallup,WR,DAL; 2022-04.12; Hunter Henry,TE,NE; Mike Williams,WR,LAC; Saquon Barkley,RB,NYG";559983770493562880;659588097289285632;784498618278277120;12;23;9;1.0;0.5;4.0;667162130398638080
785593594768650240;1641663809130;44569.7385;"George Kittle,TE,SF; Justin Jackson,RB,LAC";"Derrick Henry,RB,TEN; Kenny Golladay,WR,NYG; 2024-01";"George Kittle,TE,SF; Justin Jackson,RB,LAC; Derrick Henry,RB,TEN; Kenny Golladay,WR,NYG; 2024-01";467785504058765312;387839476958965760;785188075675443200;12;22;10;1.0;0.8;6.0;650119420949131264
785564230907727872;1641662854123;44569.7275;"Diontae Johnson,WR,PIT; Michael Carter,RB,NYJ";"Derrick Henry,RB,TEN; Brandin Cooks,WR,HOU";"Diontae Johnson,WR,PIT; Michael Carter,RB,NYJ; Derrick Henry,RB,TEN; Brandin Cooks,WR,HOU";322969199464964096;600466035673468928;784509061679919104;12;28;10;0.5;1.0;6.0;737091139785629696
785223126333173760;1641660416000;44569.6993;"Trevon Moehrig,DB,LV";"David Long,LB,TEN";"Trevon Moehrig,DB,LV; David Long,LB,TEN";368234466633850880;777195748138844160;784449201059835904;12;39;9;1.0;0.5;6.0;665025395615150080
785561185918578688;1641659562207;44569.6894;"Nick Chubb,RB,CLE";2022-01.03;"Nick Chubb,RB,CLE; 2022-01.03";555106924772438016;606632881627914240;784445368539750400;12;30;10;1.0;0.0;6.0;659171429379547136
785573041534021632;1641657879715;44569.6699;"Jeffery Wilson,RB,SF; Najee Harris,RB,PIT; Darnell Mooney,WR,CHI";"Nico Collins,WR,HOU; A.J. Dillon,RB,GB; Stefon Diggs,WR,BUF; 2024-03; 2022-01.04";"Jeffery Wilson,RB,SF; Najee Harris,RB,PIT; Darnell Mooney,WR,CHI; Nico Collins,WR,HOU; A.J. Dillon,RB,GB; Stefon Diggs,WR,BUF; 2024-03; 2022-01.04";383791564926799872;422545972120256512;784419816021798912;12;27;10;1.0;0.5;6.0;650031787665338368
785572765745963008;1641657689242;44569.6677;"Laviska Shenault,WR,JAX; Tyler Johnson,WR,TB; Rhamondre Stevenson,RB,NE; Jakobi Meyers,WR,NE; 2022-02.08";"Alvin Kamara,RB,NO; Robert Woods,WR,LAR; 2022-04.07";"Laviska Shenault,WR,JAX; Tyler Johnson,WR,TB; Rhamondre Stevenson,RB,NE; Jakobi Meyers,WR,NE; 2022-02.08; Alvin Kamara,RB,NO; Robert Woods,WR,LAR; 2022-04.07";339950707648036864;549447353577279488;784452018390605824;12;26;10;1.0;0.0;6.0;649990734476304384
785565752504750080;1641656374159;44569.6525;"David Montgomery,RB,CHI; Carson Wentz,QB,IND; DK Metcalf,WR,SEA; Dalton Schultz,TE,DAL";"Nico Collins,WR,HOU; Javonte Williams,RB,DEN; Trey Lance,QB,SF";"David Montgomery,RB,CHI; Carson Wentz,QB,IND; DK Metcalf,WR,SEA; Dalton Schultz,TE,DAL; Nico Collins,WR,HOU; Javonte Williams,RB,DEN; Trey Lance,QB,SF";341329974315266048;419093850825441280;784475116108152832;12;30;11;1.0;1.0;6.0;685610959556902912
785550061072486400;1641655345086;44569.6406;"Rhamondre Stevenson,RB,NE; 2022-02.05";"Brandon Aiyuk,WR,SF";"Rhamondre Stevenson,RB,NE; 2022-02.05; Brandon Aiyuk,WR,SF";301234379164758016;470325323217498112;784509061679919104;12;28;10;0.5;1.0;6.0;737091139785629696
785439888605605888;1641654796939;44569.6342;"Trey Lance,QB,SF";"Baker Mayfield,QB,CLE; Chuba Hubbard,RB,CAR; 2022-01.07";"Trey Lance,QB,SF; Baker Mayfield,QB,CLE; Chuba Hubbard,RB,CAR; 2022-01.07";607412320032854016;553423547117039616;784866953469734912;12;28;11;1.0;1.0;6.0;702775951364284416
785558213809532928;1641654650125;44569.6325;"Ja'Marr Chase,WR,CIN";"CeeDee Lamb,WR,DAL; Cam Akers,RB,LAR";"Ja'Marr Chase,WR,CIN; CeeDee Lamb,WR,DAL; Cam Akers,RB,LAR";78727495259930624;301234379164758016;784509061679919104;12;28;10;0.5;1.0;6.0;737091139785629696
785545999476211712;1641651302631;44569.5938;2023-02;"Wes Welker,WR,";"2023-02; Wes Welker,WR,";517823500656132096;777195748138844160;784449343418675200;12;30;10;1.0;0.8;6.0;675179254358573056
785541511168303104;1641650383913;44569.5831;"Travis Kelce,TE,KC";"Rob Gronkowski,TE,TB; 2022-01.07";"Travis Kelce,TE,KC; Rob Gronkowski,TE,TB; 2022-01.07";67883338018734080;384400817240686592;784488916580487168;12;29;11;1.0;0.5;6.0;650192639735468032
785540547396882432;1641650043102;44569.5792;"Alvin Kamara,RB,NO";"2022-02.05; 2022-01.12";"Alvin Kamara,RB,NO; 2022-02.05; 2022-01.12";516422519261388800;322969199464964096;784509061679919104;12;28;10;0.5;1.0;6.0;737091139785629696
785509492686196736;1641649810459;44569.5765;"Kareem Hunt,RB,CLE; Melvin Gordon,RB,DEN; D.J. Moore,WR,CAR";"Zack Moss,RB,BUF; Ezekiel Elliott,RB,DAL; Jarvis Landry,WR,CLE; Cole Beasley,WR,BUF";"Kareem Hunt,RB,CLE; Melvin Gordon,RB,DEN; D.J. Moore,WR,CAR; Zack Moss,RB,BUF; Ezekiel Elliott,RB,DAL; Jarvis Landry,WR,CLE; Cole Beasley,WR,BUF";552262887122440192;467785504058765312;785188075675443200;12;22;10;1.0;0.8;6.0;650119420949131264
785387987008618496;1641636802169;44569.4260;"Jonathan Taylor,RB,IND; Tom Brady,QB,TB; Clyde Edwards-Helaire,RB,KC; 2022-01.11";"Joe Burrow,QB,CIN; Joe Mixon,RB,CIN; Jerry Jeudy,WR,DEN; Calvin Ridley,WR,ATL";"Jonathan Taylor,RB,IND; Tom Brady,QB,TB; Clyde Edwards-Helaire,RB,KC; 2022-01.11; Joe Burrow,QB,CIN; Joe Mixon,RB,CIN; Jerry Jeudy,WR,DEN; Calvin Ridley,WR,ATL";321774714483638272;437493647722672128;784461090217156608;12;22;10;1.0;0.0;6.0;650389412634505216
785463380168314880;1641631755189;44569.3675;"Khalil Herbert,RB,CHI; Mike Gesicki,TE,MIA; 2022-02.10";"Travis Kelce,TE,KC; 2022-03.12";"Khalil Herbert,RB,CHI; Mike Gesicki,TE,MIA; 2022-02.10; Travis Kelce,TE,KC; 2022-03.12";512760037946056704;605120108301467648;785042549701206016;12;24;10;1.0;0.5;6.0;684579100630806528
785451431372156928;1641628756247;44569.3328;"Chase Claypool,WR,PIT";"Amon-Ra St. Brown,WR,DET; 2023-03";"Chase Claypool,WR,PIT; Amon-Ra St. Brown,WR,DET; 2023-03";452232712967680000;472915825095864320;784460841020936192;12;25;10;1.0;0.5;4.0;675238507182116864
785382651010904064;1641622120647;44569.2560;"DK Metcalf,WR,SEA; Dalton Schultz,TE,DAL; 2023-01; 2022-03.08; 2023-01; 2022-04.05";"Darren Waller,TE,LV; Davante Adams,WR,GB; Corey Davis,WR,NYJ; Amari Cooper,WR,DAL; Ryan Tannehill,QB,TEN";"DK Metcalf,WR,SEA; Dalton Schultz,TE,DAL; 2023-01; 2022-03.08; 2023-01; 2022-04.05; Darren Waller,TE,LV; Davante Adams,WR,GB; Corey Davis,WR,NYJ; Amari Cooper,WR,DAL; Ryan Tannehill,QB,TEN";419633975233875968;707433717169188864;784522059211493376;12;25;12;1.0;0.5;6.0;721824323123359744
785415185534992384;1641620393232;44569.2360;"Aaron Jones,RB,GB; Dallas Goedert,TE,PHI";"2022-01.05; 2022-02.02";"Aaron Jones,RB,GB; Dallas Goedert,TE,PHI; 2022-01.05; 2022-02.02";453115197217828864;607667465668866048;785411543046189056;12;25;11;1.0;0.8;5.0;717790224670867456
785413267681083392;1641620229266;44569.2341;"Ja'Marr Chase,WR,CIN; 2022-02.09";"Elijah Moore,WR,NYJ; Darnell Mooney,WR,CHI; 2022-03.02; 2022-01.04";"Ja'Marr Chase,WR,CIN; 2022-02.09; Elijah Moore,WR,NYJ; Darnell Mooney,WR,CHI; 2022-03.02; 2022-01.04";301234379164758016;470325323217498112;784509061679919104;12;28;10;0.5;1.0;6.0;737091139785629696
785404757937414144;1641617637254;44569.2041;"Ty'Son Williams,RB,BAL; Deshaun Watson,QB,HOU; 2022-01.09; 2023-01";"Rashaad Penny,RB,SEA; Josh Allen,QB,BUF";"Ty'Son Williams,RB,BAL; Deshaun Watson,QB,HOU; 2022-01.09; 2023-01; Rashaad Penny,RB,SEA; Josh Allen,QB,BUF";435681325110784000;564014937508601856;784469914932101120;12;25;10;1.0;1.0;6.0;711672921541644288
785009005302001664;1641612768358;44569.1478;"JuJu Smith-Schuster,WR,PIT";"Rashod Bateman,WR,BAL";"JuJu Smith-Schuster,WR,PIT; Rashod Bateman,WR,BAL";777195748138844160;650183643452493824;784449343418675200;12;30;10;1.0;0.8;6.0;675179254358573056
785383125801926656;1641612564896;44569.1454;"Christian McCaffrey,RB,CAR; Brandon Aiyuk,WR,SF";"Michael Carter,RB,NYJ; Jaylen Waddle,WR,MIA";"Christian McCaffrey,RB,CAR; Brandon Aiyuk,WR,SF; Michael Carter,RB,NYJ; Jaylen Waddle,WR,MIA";431513376703651840;419093850825441280;784475116108152832;12;30;11;1.0;1.0;6.0;685610959556902912
785379866429243392;1641612242638;44569.1417;"Darnell Mooney,WR,CHI; 2024-03; 2022-01.04";"Austin Ekeler,RB,LAC; 2023-02";"Darnell Mooney,WR,CHI; 2024-03; 2022-01.04; Austin Ekeler,RB,LAC; 2023-02";341305567802880000;564014937508601856;784469914932101120;12;25;10;1.0;1.0;6.0;711672921541644288
785366183644958720;1641608451403;44569.0978;"Deebo Samuel,WR,SF; Kirk Cousins,QB,MIN";"Stefon Diggs,WR,BUF; Tua Tagovailoa,QB,MIA; 2022-03.03";"Deebo Samuel,WR,SF; Kirk Cousins,QB,MIN; Stefon Diggs,WR,BUF; Tua Tagovailoa,QB,MIA; 2022-03.03";451959467894894592;521833043401670656;784535817191358464;12;30;9;0.5;0.5;4.0;650074142703472640
785364428316094464;1641608327805;44569.0964;"Michael Gallup,WR,DAL; Teddy Bridgewater,QB,DEN";"Tyler Huntley,QB,BAL";"Michael Gallup,WR,DAL; Teddy Bridgewater,QB,DEN; Tyler Huntley,QB,BAL";454071463234760704;784482542391832576;784450983844524032;12;29;11;1.0;0.0;6.0;649989109972025344
785363549433274368;1641608106554;44569.0938;"Michael Thomas,WR,NO; 2022-02.07";"Chase Claypool,WR,PIT";"Michael Thomas,WR,NO; 2022-02.07; Chase Claypool,WR,PIT";474787485428215808;464980946605568000;785086981309911040;12;27;12;0.5;1.5;6.0;685518677734420480
785356386476404736;1641606174703;44569.0715;"Tee Higgins,WR,CIN; 2022-08.05; 2023-04";"J.K. Dobbins,RB,BAL; 2022-07.06";"Tee Higgins,WR,CIN; 2022-08.05; 2023-04; J.K. Dobbins,RB,BAL; 2022-07.06";631998192623378432;624895933225701376;784467190534569984;12;29;9;1.0;0.0;4.0;0
785285333351841792;1641604569990;44569.0529;"Jaylen Waddle,WR,MIA; David Montgomery,RB,CHI; Zach Wilson,QB,NYJ";"Keenan Allen,WR,LAC; Christian McCaffrey,RB,CAR; DeVante Parker,WR,MIA";"Jaylen Waddle,WR,MIA; David Montgomery,RB,CHI; Zach Wilson,QB,NYJ; Keenan Allen,WR,LAC; Christian McCaffrey,RB,CAR; DeVante Parker,WR,MIA";512431898197118976;544314304767250432;784534835321528320;12;26;11;1.0;0.5;6.0;657858459475206144
785344099594137600;1641604009037;44569.0464;"Laviska Shenault,WR,JAX";"Bryan Edwards,WR,LV; 2022-02.08";"Laviska Shenault,WR,JAX; Bryan Edwards,WR,LV; 2022-02.08";437697156472631296;76851376852189184;784506711112286208;12;25;11;1.0;0.5;4.0;649393349656145920
785343615173029888;1641603154405;44569.0365;"Javonte Williams,RB,DEN";"Saquon Barkley,RB,NYG; 2022-01.04";"Javonte Williams,RB,DEN; Saquon Barkley,RB,NYG; 2022-01.04";528315036479414272;304386281348005888;785234015295758336;12;28;10;1.0;1.0;6.0;650013616900231168
785341639513268224;1641602650487;44569.0307;2023-03;"Calvin Ridley,WR,ATL";"2023-03; Calvin Ridley,WR,ATL";445055637672423424;469600114252443648;774810585736056832;12;25;10;1.0;0.5;4.0;0
785335058839048192;1641601510665;44569.0175;"Chase Claypool,WR,PIT; Brevin Jordan,TE,HOU";"Leonard Fournette,RB,TB; 2023-04";"Chase Claypool,WR,PIT; Brevin Jordan,TE,HOU; Leonard Fournette,RB,TB; 2023-04";376520267746291712;415699939985739776;784506503469056000;12;30;9;0.5;0.5;4.0;650019022406000640
785335657437499392;1641601304446;44569.0151;"Terry McLaurin,WR,WAS; 2024-02; 2022-01.11";"Rhamondre Stevenson,RB,NE; 2022-01.02";"Terry McLaurin,WR,WAS; 2024-02; 2022-01.11; Rhamondre Stevenson,RB,NE; 2022-01.02";638810082930573312;684480169037107200;785315014180536320;12;30;10;1.0;0.0;4.0;673019878730448896
785329144824250368;1641600367154;44569.0042;"Jerry Jeudy,WR,DEN; JuJu Smith-Schuster,WR,PIT; T.J. Hockenson,TE,DET; Jared Goff,QB,DET; 2022-01.06; 2022-03.06";"Aaron Rodgers,QB,GB; Tyreek Hill,WR,KC; Travis Kelce,TE,KC";"Jerry Jeudy,WR,DEN; JuJu Smith-Schuster,WR,PIT; T.J. Hockenson,TE,DET; Jared Goff,QB,DET; 2022-01.06; 2022-03.06; Aaron Rodgers,QB,GB; Tyreek Hill,WR,KC; Travis Kelce,TE,KC";524690862899265536;563452377330180096;784870259332141056;14;23;11;1.0;0.5;6.0;649838025521610752
785328343179493376;1641599447762;44568.9936;"Adam Thielen,WR,MIN";2022-03.04;"Adam Thielen,WR,MIN; 2022-03.04";415699939985739776;376520267746291712;784506503469056000;12;30;9;0.5;0.5;4.0;650019022406000640
785232184809287680;1641597887598;44568.9756;"Cole Kmet,TE,CHI; Kadarius Toney,WR,NYG; Cooper Kupp,WR,LAR; Tua Tagovailoa,QB,MIA; Derrick Henry,RB,TEN; 2022-03.02";"Miles Sanders,RB,PHI; Devin Singletary,RB,BUF; Amon-Ra St. Brown,WR,DET; Mac Jones,QB,NE; 2022-02.09; 2022-01.03";"Cole Kmet,TE,CHI; Kadarius Toney,WR,NYG; Cooper Kupp,WR,LAR; Tua Tagovailoa,QB,MIA; Derrick Henry,RB,TEN; 2022-03.02; Miles Sanders,RB,PHI; Devin Singletary,RB,BUF; Amon-Ra St. Brown,WR,DET; Mac Jones,QB,NE; 2022-02.09; 2022-01.03";563452377330180096;524690862899265536;784936285151367168;12;29;11;1.0;0.8;6.0;647951703575969792
785271991665037312;1641593974803;44568.9303;"Mac Jones,QB,NE; Devin White,LB,TB; Isaiah Simmons,LB,ARI";"Rashan Gary,LB,GB; Baker Mayfield,QB,CLE; C.J. Mosley,LB,NYJ; Michael Thomas,WR,NO; Daniel Jones,QB,NYG";"Mac Jones,QB,NE; Devin White,LB,TB; Isaiah Simmons,LB,ARI; Rashan Gary,LB,GB; Baker Mayfield,QB,CLE; C.J. Mosley,LB,NYJ; Michael Thomas,WR,NO; Daniel Jones,QB,NYG";777195748138844160;600443866532868096;780121638007087104;12;30;10;1.0;1.0;6.0;0
785228847691005952;1641592320699;44568.9111;"Justin Herbert,QB,LAC; Jerry Jeudy,WR,DEN; Mike Williams,WR,LAC; Terry McLaurin,WR,WAS; 2022-03.04";"Dak Prescott,QB,DAL; Michael Gallup,WR,DAL; DK Metcalf,WR,SEA; 2022-01.05";"Justin Herbert,QB,LAC; Jerry Jeudy,WR,DEN; Mike Williams,WR,LAC; Terry McLaurin,WR,WAS; 2022-03.04; Dak Prescott,QB,DAL; Michael Gallup,WR,DAL; DK Metcalf,WR,SEA; 2022-01.05";300341192858562560;470325323217498112;784509061679919104;12;28;10;0.5;1.0;6.0;737091139785629696
785267167108124672;1641592257153;44568.9104;"Dawson Knox,TE,BUF; Dak Prescott,QB,DAL; 2022-01.03";"Joe Burrow,QB,CIN; T.J. Hockenson,TE,DET";"Dawson Knox,TE,BUF; Dak Prescott,QB,DAL; 2022-01.03; Joe Burrow,QB,CIN; T.J. Hockenson,TE,DET";449979809624223744;584495956997746688;784587134572101632;12;29;9;1.0;0.5;4.0;695769871669104640
785295451376246784;1641592179044;44568.9095;"Chris Godwin,WR,TB; Brandon Aiyuk,WR,SF; 2023-01; 2023-02";"Tyreek Hill,WR,KC; Cordarrelle Patterson,WR,ATL; Travis Kelce,TE,KC";"Chris Godwin,WR,TB; Brandon Aiyuk,WR,SF; 2023-01; 2023-02; Tyreek Hill,WR,KC; Cordarrelle Patterson,WR,ATL; Travis Kelce,TE,KC";300804569615589376;649079667516735488;784553030266843136;12;28;10;1.0;0.5;6.0;660532115179413504
785275555045109760;1641590430624;44568.8892;"Rhamondre Stevenson,RB,NE; 2022-06.12";"Kenneth Gainwell,RB,PHI; 2022-02.09; 2022-05.09";"Rhamondre Stevenson,RB,NE; 2022-06.12; Kenneth Gainwell,RB,PHI; 2022-02.09; 2022-05.09";472634310088716289;462451665631440896;785237265868763136;12;35;11;1.0;0.5;6.0;730223830194335744
784987358268358656;1641590146855;44568.8860;"Calvin Ridley,WR,ATL";"Irv Smith,TE,MIN; Darnell Mooney,WR,CHI";"Calvin Ridley,WR,ATL; Irv Smith,TE,MIN; Darnell Mooney,WR,CHI";472808232146956288;561051585017647104;784548638004219904;12;26;11;1.0;0.0;6.0;650035599276851200
785244468113731584;1641589294632;44568.8761;"Cam Akers,RB,LAR";"Keenan Allen,WR,LAC; Tom Brady,QB,TB; Aaron Jones,RB,GB; 2022-03.03";"Cam Akers,RB,LAR; Keenan Allen,WR,LAC; Tom Brady,QB,TB; Aaron Jones,RB,GB; 2022-03.03";434899815076196352;451959467894894592;784535817191358464;12;30;9;0.5;0.5;4.0;650074142703472640
785279249283203072;1641587848311;44568.8594;"Elijah Moore,WR,NYJ; 2023-03";"DeVonta Smith,WR,PHI; 2023-02";"Elijah Moore,WR,NYJ; 2023-03; DeVonta Smith,WR,PHI; 2023-02";584495956997746688;441734630492598272;784587134572101632;12;29;9;1.0;0.5;4.0;695769871669104640
785264653231116288;1641584848092;44568.8246;"2022-01.01; 2022-02.03; 2022-03.03; 2023-03";"Rhamondre Stevenson,RB,NE; Calvin Ridley,WR,ATL; 2023-01";"2022-01.01; 2022-02.03; 2022-03.03; 2023-03; Rhamondre Stevenson,RB,NE; Calvin Ridley,WR,ATL; 2023-01";631480897987739648;575808840030760960;784469082891218944;12;22;10;1.0;0.5;6.0;704782465931210752
785248196564762624;1641580307825;44568.7721;"Trevor Lawrence,QB,JAX";"Ryan Tannehill,QB,TEN; Ezekiel Elliott,RB,DAL; 2024-03";"Trevor Lawrence,QB,JAX; Ryan Tannehill,QB,TEN; Ezekiel Elliott,RB,DAL; 2024-03";414189209717309440;660592763678564352;784553030266843136;12;28;10;1.0;0.5;6.0;660532115179413504
785246911778156544;1641580177248;44568.7706;"Antonio Gibson,RB,WAS; George Kittle,TE,SF; DeVonta Smith,WR,PHI; 2023-01";"Najee Harris,RB,PIT; Rondale Moore,WR,ARI; Kadarius Toney,WR,NYG; David Njoku,TE,CLE; 2022-03.05";"Antonio Gibson,RB,WAS; George Kittle,TE,SF; DeVonta Smith,WR,PHI; 2023-01; Najee Harris,RB,PIT; Rondale Moore,WR,ARI; Kadarius Toney,WR,NYG; David Njoku,TE,CLE; 2022-03.05";600439237942255616;646816314651906048;784458991303544832;12;24;10;1.0;0.5;5.0;718155941287100416
785245496997511168;1641579654875;44568.7645;"Derrick Henry,RB,TEN";"CeeDee Lamb,WR,DAL";"Derrick Henry,RB,TEN; CeeDee Lamb,WR,DAL";660592763678564352;414189209717309440;784553030266843136;12;28;10;1.0;0.5;6.0;660532115179413504
785224056789209088;1641575805665;44568.7200;"A.J. Dillon,RB,GB";"Nick Chubb,RB,CLE";"A.J. Dillon,RB,GB; Nick Chubb,RB,CLE";414189209717309440;660592763678564352;784553030266843136;12;28;10;1.0;0.5;6.0;660532115179413504
785183606845902848;1641573721875;44568.6959;"Dawson Knox,TE,BUF; 2022-02.08";"Michael Thomas,WR,NO; 2023-03";"Dawson Knox,TE,BUF; 2022-02.08; Michael Thomas,WR,NO; 2023-03";414189209717309440;572138856028872704;784553030266843136;12;28;10;1.0;0.5;6.0;660532115179413504
785212542250315776;1641571795411;44568.6736;"D'Onta Foreman,RB,ATL; Devin Singletary,RB,BUF";"Adam Thielen,WR,MIN; Quintez Cephus,WR,DET";"D'Onta Foreman,RB,ATL; Devin Singletary,RB,BUF; Adam Thielen,WR,MIN; Quintez Cephus,WR,DET";681647147480846336;474718219916013568;784466398456999936;12;25;10;1.0;0.5;4.0;768533483504181248
785176933855019008;1641563682060;44568.5797;"Allen Robinson,WR,CHI";"Jonnu Smith,TE,NE; 2023-04; 2024-03";"Allen Robinson,WR,CHI; Jonnu Smith,TE,NE; 2023-04; 2024-03";468346506236129280;585310379400269824;784537434540068864;12;25;10;0.5;0.5;6.0;650080209340588032
785116382311366656;1641561979155;44568.5599;"Dallas Goedert,TE,PHI; Derrick Henry,RB,TEN; 2022-01.03; 2023-02";"Allen Robinson,WR,CHI; Kyle Pitts,TE,ATL; 2023-03; 2024-01";"Dallas Goedert,TE,PHI; Derrick Henry,RB,TEN; 2022-01.03; 2023-02; Allen Robinson,WR,CHI; Kyle Pitts,TE,ATL; 2023-03; 2024-01";101048236349210624;379067446344224768;784530873147047936;12;24;10;1.0;0.3;6.0;650056660433358848
784858106126512128;1641561797548;44568.5578;"Calvin Ridley,WR,ATL; Russell Gage,WR,ATL";"Chase Claypool,WR,PIT";"Calvin Ridley,WR,ATL; Russell Gage,WR,ATL; Chase Claypool,WR,PIT";417122890543013888;337450743067860992;784581353709666304;12;28;11;0.5;0.0;4.0;651136038193954816
785110720445607936;1641557092346;44568.5034;"Rashod Bateman,WR,BAL; 2022-02.08";"Miles Sanders,RB,PHI; 2022-03.11";"Rashod Bateman,WR,BAL; 2022-02.08; Miles Sanders,RB,PHI; 2022-03.11";377231554960838656;304386281348005888;784608628895264768;12;24;9;1.0;0.5;4.0;650007018106634240
785127511959982080;1641551813362;44568.4423;"Chase Claypool,WR,PIT; 2022-01.10";"Cooper Kupp,WR,LAR";"Chase Claypool,WR,PIT; 2022-01.10; Cooper Kupp,WR,LAR";414189209717309440;300804569615589376;784553030266843136;12;28;10;1.0;0.5;6.0;660532115179413504
785066315529469952;1641546649825;44568.3825;"Travis Etienne,RB,JAX";"Josh Jacobs,RB,LV";"Travis Etienne,RB,JAX; Josh Jacobs,RB,LV";414189209717309440;660592763678564352;784553030266843136;12;28;10;1.0;0.5;6.0;660532115179413504
784993839491440640;1641540265010;44568.3086;"Ryan Tannehill,QB,TEN; 2022-02.10; 2022-01.06; 2022-02.06; 2022-01.08";"Joe Mixon,RB,CIN; Kirk Cousins,QB,MIN; Derrick Henry,RB,TEN";"Ryan Tannehill,QB,TEN; 2022-02.10; 2022-01.06; 2022-02.06; 2022-01.08; Joe Mixon,RB,CIN; Kirk Cousins,QB,MIN; Derrick Henry,RB,TEN";424024949334740992;468256064760967168;784974515422822400;12;24;12;1.0;0.3;4.0;652251564530053120
785074556267286528;1641539649769;44568.3015;"Robert Woods,WR,LAR";"Jerry Jeudy,WR,DEN";"Robert Woods,WR,LAR; Jerry Jeudy,WR,DEN";479133106985496576;723414698690699264;784935288249163776;12;31;11;1.0;0.5;6.0;0
785076925973524480;1641539510003;44568.2999;"Ja'Marr Chase,WR,CIN";"A.J. Brown,WR,TEN; 2022-01.09";"Ja'Marr Chase,WR,CIN; A.J. Brown,WR,TEN; 2022-01.09";694024585586208768;479133106985496576;784935288249163776;12;31;11;1.0;0.5;6.0;0
785047373972889600;1641532504783;44568.2188;2023-01;"Elijah Moore,WR,NYJ; 2022-03.01";"2023-01; Elijah Moore,WR,NYJ; 2022-03.01";457231233290596352;777195748138844160;784558318692786176;12;21;9;1.0;1.0;6.0;657305740280688640
784974748881960960;1641529972181;44568.1895;"Alvin Kamara,RB,NO; Dalvin Cook,RB,MIN; Kyler Murray,QB,ARI";"Jalen Hurts,QB,PHI; D'Andre Swift,RB,DET; Jonathan Taylor,RB,IND; 2022-04.04";"Alvin Kamara,RB,NO; Dalvin Cook,RB,MIN; Kyler Murray,QB,ARI; Jalen Hurts,QB,PHI; D'Andre Swift,RB,DET; Jonathan Taylor,RB,IND; 2022-04.04";454153443301388288;464321223405334528;784437970299166720;12;30;10;0.5;0.5;6.0;651439183612686336
785025275342733312;1641527476624;44568.1606;"Chris Godwin,WR,TB; 2022-01.12";"DeVonta Smith,WR,PHI; 2022-01.07";"Chris Godwin,WR,TB; 2022-01.12; DeVonta Smith,WR,PHI; 2022-01.07";452232712967680000;562548754486165504;784460841020936192;12;25;10;1.0;0.5;4.0;675238507182116864
785025609008001024;1641527261116;44568.1581;"Marquez Valdes-Scantling,WR,GB; Chuba Hubbard,RB,CAR; Christian McCaffrey,RB,CAR; Odell Beckham,WR,CLE; 2024-02";"Keenan Allen,WR,LAC; David Montgomery,RB,CHI; Allen Robinson,WR,CHI; Ezekiel Elliott,RB,DAL";"Marquez Valdes-Scantling,WR,GB; Chuba Hubbard,RB,CAR; Christian McCaffrey,RB,CAR; Odell Beckham,WR,CLE; 2024-02; Keenan Allen,WR,LAC; David Montgomery,RB,CHI; Allen Robinson,WR,CHI; Ezekiel Elliott,RB,DAL";721064526182699008;461682883761795072;784550320456994816;12;22;10;1.0;0.0;6.0;705169330417008640
785021902484844544;1641526323763;44568.1473;"Kareem Hunt,RB,CLE";2022-01.12;"Kareem Hunt,RB,CLE; 2022-01.12";646816314651906048;341305567802880000;784469914932101120;12;25;10;1.0;1.0;6.0;711672921541644288
784911796522835968;1641526106402;44568.1448;"Brevin Jordan,TE,HOU";"Donovan Peoples-Jones,WR,CLE";"Brevin Jordan,TE,HOU; Donovan Peoples-Jones,WR,CLE";469318159472521216;445836379402792960;784475103969800192;12;53;14;1.0;1.5;6.0;663644127728066560
785001352177766400;1641521535666;44568.0918;"Jordan Love,QB,GB";"2022-01.01; 2022-03.01";"Jordan Love,QB,GB; 2022-01.01; 2022-03.01";771874348867969024;402200383587385344;780121638007087104;12;30;10;1.0;1.0;6.0;0
784991226549182464;1641519094057;44568.0636;"2022-02.12; 2022-02.08";"Michael Carter,RB,NYJ";"2022-02.12; 2022-02.08; Michael Carter,RB,NYJ";574390579209711616;471549334006001664;784572808956096512;12;25;11;1.0;0.5;4.0;675834726908493824
784976352884486144;1641518136682;44568.0525;"Cole Kmet,TE,CHI; Aaron Jones,RB,GB";"Jared Cook,TE,LAC; 2023-01; 2023-02; 2023-03";"Cole Kmet,TE,CHI; Aaron Jones,RB,GB; Jared Cook,TE,LAC; 2023-01; 2023-02; 2023-03";193918960020750336;473636105166516224;784479600989339648;12;32;11;0.5;0.0;4.0;653412629259337728
784986768234672128;1641517954005;44568.0504;"Aaron Rodgers,QB,GB; 2022-01.02; 2022-01.11";"Odell Beckham,WR,CLE; 2022-01.06";"Aaron Rodgers,QB,GB; 2022-01.02; 2022-01.11; Odell Beckham,WR,CLE; 2022-01.06";341305567802880000;455054229761945600;784470161624272896;12;30;10;1.0;0.5;6.0;695686665502519296
784978325109112832;1641517493852;44568.0451;"Jonathan Taylor,RB,IND; 2023-02";"Clyde Edwards-Helaire,RB,KC; 2022-03.04";"Jonathan Taylor,RB,IND; 2023-02; Clyde Edwards-Helaire,RB,KC; 2022-03.04";447581401345159168;78678736933109760;784907618526351360;12;25;10;0.0;1.5;4.0;650262809459933184
784975156681543680;1641517304389;44568.0429;"Josh Jacobs,RB,LV";"Hunter Renfrow,WR,LV; 2023-03";"Josh Jacobs,RB,LV; Hunter Renfrow,WR,LV; 2023-03";626892356494393344;472748084502196224;784470161624272896;12;30;10;1.0;0.5;6.0;695686665502519296
784978148939907072;1641516454336;44568.0330;"2022-02.08; 2024-01; 2023-02";"Zach Wilson,QB,NYJ; 2022-03.03";"2022-02.08; 2024-01; 2023-02; Zach Wilson,QB,NYJ; 2022-03.03";610884267484221440;596856355512438784;784471656671371264;12;26;9;0.5;0.5;4.0;650022309779832832
784971588062838784;1641514538711;44568.0109;"Christian Kirk,WR,ARI";"2022-02.04; 2022-03.04; 2022-04.04";"Christian Kirk,WR,ARI; 2022-02.04; 2022-03.04; 2022-04.04";576885084343275520;388827652045197312;784900684918145024;12;24;10;0.5;0.0;5.0;657073594920144896
784972033716019200;1641514471320;44568.0101;"Kyle Pitts,TE,ATL";"A.J. Brown,WR,TEN; Gerald Everett,TE,SEA";"Kyle Pitts,TE,ATL; A.J. Brown,WR,TEN; Gerald Everett,TE,SEA";404372612240674816;643571565010685952;784511032474337280;12;28;8;0.5;0.0;4.0;649910355602010112
784941087713320960;1641511540555;44567.9762;"Trevor Lawrence,QB,JAX";"Tyler Lockett,WR,SEA; 2023-01";"Trevor Lawrence,QB,JAX; Tyler Lockett,WR,SEA; 2023-01";578769844854366208;568343471774289920;784461729047400448;12;23;9;1.0;0.5;6.0;692502110545203200
784953436675366912;1641510531390;44567.9645;"D.J. Moore,WR,CAR; 2023-01";"Tyreek Hill,WR,KC";"D.J. Moore,WR,CAR; 2023-01; Tyreek Hill,WR,KC";634236089569259520;660592763678564352;784555195102384128;12;24;9;1.0;0.5;6.0;672812458724896768
784948969871650816;1641508990180;44567.9466;"Tee Higgins,WR,CIN; 2022-05.07; 2023-02";"2022-01.05; 2022-06.05";"Tee Higgins,WR,CIN; 2022-05.07; 2023-02; 2022-01.05; 2022-06.05";624895933225701376;76847552544522240;784467190534569984;12;29;9;1.0;0.0;4.0;0
784942589857087488;1641508836174;44567.9449;"Amari Cooper,WR,DAL";"2022-03.03; 2022-02.06; 2022-03.06";"Amari Cooper,WR,DAL; 2022-03.03; 2022-02.06; 2022-03.06";591462610482806784;657771377100668928;784367771877306368;12;24;10;1.0;0.5;6.0;711745001628958720
784930019599314944;1641508067151;44567.9360;"2022-02.03; 2022-04.09";"Rashaad Penny,RB,SEA";"2022-02.03; 2022-04.09; Rashaad Penny,RB,SEA";650123356464582656;652714661027844096;784433977363668992;12;27;10;1.0;0.5;4.0;673633548145590272
784920336985686016;1641502718576;44567.8741;"Chris Godwin,WR,TB; Travis Etienne,RB,JAX; 2022-01.11";"Christian McCaffrey,RB,CAR; Brandin Cooks,WR,HOU";"Chris Godwin,WR,TB; Travis Etienne,RB,JAX; 2022-01.11; Christian McCaffrey,RB,CAR; Brandin Cooks,WR,HOU";559621239543840768;308737374857228288;784474131474292736;12;24;9;0.5;0.5;4.0;649967671399538688
784880896636481536;1641501510202;44567.8601;"Michael Carter,RB,NYJ; 2022-02.02; 2022-01.11; 2022-02.03";"Javonte Williams,RB,DEN; 2023-04";"Michael Carter,RB,NYJ; 2022-02.02; 2022-01.11; 2022-02.03; Javonte Williams,RB,DEN; 2023-04";621827991135150080;703712503976230912;784531432428146688;12;26;11;1.0;0.5;6.0;712788482837254144
784917635098902528;1641501468430;44567.8596;"DeVonta Smith,WR,PHI; 2022-01.01";"Brandon Aiyuk,WR,SF; 2022-01.08; 2022-01.07";"DeVonta Smith,WR,PHI; 2022-01.01; Brandon Aiyuk,WR,SF; 2022-01.08; 2022-01.07";471794389216129024;322969199464964096;784509061679919104;12;28;10;0.5;1.0;6.0;737091139785629696
784899514564804608;1641500557093;44567.8490;"Myles Gaskin,RB,MIA";"Darius Slayton,WR,NYG; 2022-02.10";"Myles Gaskin,RB,MIA; Darius Slayton,WR,NYG; 2022-02.10";456667705857011712;784550653891608576;784529452670570496;14;23;10;1.0;0.0;4.0;754129756500398080
784913164574765056;1641500400399;44567.8472;"Antonio Brown,WR,TB";2022-06.05;"Antonio Brown,WR,TB; 2022-06.05";626892356494393344;472748084502196224;784470161624272896;12;30;10;1.0;0.5;6.0;695686665502519296
784858719719641088;1641499332965;44567.8349;"Cam Akers,RB,LAR; Justin Herbert,QB,LAC";"Derek Carr,QB,LV; Chuba Hubbard,RB,CAR; Christian McCaffrey,RB,CAR; DK Metcalf,WR,SEA; 2023-01";"Cam Akers,RB,LAR; Justin Herbert,QB,LAC; Derek Carr,QB,LV; Chuba Hubbard,RB,CAR; Christian McCaffrey,RB,CAR; DK Metcalf,WR,SEA; 2023-01";517823500656132096;207744649543024640;784449343418675200;12;30;10;1.0;0.8;6.0;675179254358573056
784893849930719232;1641495942156;44567.7956;"Elijah Moore,WR,NYJ; 2022-01.09; 2023-02";"Jaylen Waddle,WR,MIA";"Elijah Moore,WR,NYJ; 2022-01.09; 2023-02; Jaylen Waddle,WR,MIA";466003567317086208;429503034532298752;784488916580487168;12;29;11;1.0;0.5;6.0;650192639735468032
784817803046809600;1641495677775;44567.7926;"Robert Woods,WR,LAR";"Jaret Patterson,RB,WAS; 2022-04.06; 2022-02.11";"Robert Woods,WR,LAR; Jaret Patterson,RB,WAS; 2022-04.06; 2022-02.11";368133050317676544;318132846772355072;784470263608766464;14;25;9;1.0;0.3;4.0;649995431320842240
784890918753984512;1641495217620;44567.7872;"Rhamondre Stevenson,RB,NE";2023-02;"Rhamondre Stevenson,RB,NE; 2023-02";356742853097136128;432709548596273152;784865372334661632;12;26;10;1.0;1.0;6.0;658523633475452928
784886694074830848;1641494377628;44567.7775;"Dawson Knox,TE,BUF; Lamar Jackson,QB,BAL; Darnell Mooney,WR,CHI";"DeVonta Smith,WR,PHI; Darrell Henderson,RB,LAR; 2023-01; 2022-01.01";"Dawson Knox,TE,BUF; Lamar Jackson,QB,BAL; Darnell Mooney,WR,CHI; DeVonta Smith,WR,PHI; Darrell Henderson,RB,LAR; 2023-01; 2022-01.01";301234379164758016;322969199464964096;784509061679919104;12;28;10;0.5;1.0;6.0;737091139785629696
784882584617410560;1641493168364;44567.7635;"Calvin Ridley,WR,ATL";"Darnell Mooney,WR,CHI; 2022-01.08";"Calvin Ridley,WR,ATL; Darnell Mooney,WR,CHI; 2022-01.08";559983770493562880;666162745661542400;784470161624272896;12;30;10;1.0;0.5;6.0;695686665502519296
784864521490726912;1641492624089;44567.7572;"Hunter Renfrow,WR,LV";"2022-04.12; 2022-02.09; 2022-03.05; 2022-04.05; 2022-05.05";"Hunter Renfrow,WR,LV; 2022-04.12; 2022-02.09; 2022-03.05; 2022-04.05; 2022-05.05";411357200754167808;303383289639473152;784687948691087360;12;26;9;1.0;0.0;6.0;650881703581167616
784871531389063168;1641491309271;44567.7420;"2022-04.05; 2022-04.01";"Antonio Brown,WR,TB";"2022-04.05; 2022-04.01; Antonio Brown,WR,TB";334525786931331072;385123841413808128;784566554716188672;12;30;11;0.5;0.3;4.0;682038380917252096
784710062919843840;1641472968878;44567.5297;"Zach Wilson,QB,NYJ";"2022-02.11; 2022-01.04; 2022-03.08";"Zach Wilson,QB,NYJ; 2022-02.11; 2022-01.04; 2022-03.08";471549334006001664;655840181294800896;784572808956096512;12;25;11;1.0;0.5;4.0;675834726908493824
784663243930128384;1641452852449;44567.2969;"Saquon Barkley,RB,NYG";"Brevin Jordan,TE,HOU; 2022-01.02; 2022-02.07; 2023-03";"Saquon Barkley,RB,NYG; Brevin Jordan,TE,HOU; 2022-01.02; 2022-02.07; 2023-03";566720580461903872;608919379425427456;784520176354918400;12;29;11;1.0;0.5;4.0;659964490158239744
784670421122433024;1641442605193;44567.1783;"Khalil Herbert,RB,CHI";2022-01.07;"Khalil Herbert,RB,CHI; 2022-01.07";624895933225701376;606332373004517376;784467190534569984;12;29;9;1.0;0.0;4.0;0
784597332112113664;1641442213800;44567.1738;2022-04.08;"Justin Jackson,RB,LAC";"2022-04.08; Justin Jackson,RB,LAC";585897499391201280;433463069251727360;784473340940312576;12;25;10;1.0;0.5;6.0;657613045375266816
784658805039448064;1641440581618;44567.1549;"Jaret Patterson,RB,WAS; Antonio Gibson,RB,WAS; 2022-01.12";"Davante Adams,WR,GB; James Conner,RB,ARI";"Jaret Patterson,RB,WAS; Antonio Gibson,RB,WAS; 2022-01.12; Davante Adams,WR,GB; James Conner,RB,ARI";76049618416582656;451959467894894592;784535817191358464;12;30;9;0.5;0.5;4.0;650074142703472640
784639215093805056;1641435506192;44567.0961;"Keenan Allen,WR,LAC; Damien Harris,RB,NE";"Mike Williams,WR,LAC; David Montgomery,RB,CHI";"Keenan Allen,WR,LAC; Damien Harris,RB,NE; Mike Williams,WR,LAC; David Montgomery,RB,CHI";78968611032940544;359127938853216256;784608628895264768;12;24;9;1.0;0.5;4.0;650007018106634240
784638993202565120;1641435245404;44567.0931;"Adam Trautman,TE,NO; Rashaad Penny,RB,SEA";"2022-02.03; 2022-04.02";"Adam Trautman,TE,NO; Rashaad Penny,RB,SEA; 2022-02.03; 2022-04.02";459050218625691648;435681325110784000;784412437016420352;12;24;12;1.0;1.0;6.0;722261021963681792
784634455791927296;1641433977050;44567.0784;"Rondale Moore,WR,ARI; Mike White,QB,NYJ; Ja'Marr Chase,WR,CIN; Zach Wilson,QB,NYJ; 2022-02.06; 2023-02";"Trey Lance,QB,SF; Jaylen Waddle,WR,MIA; Kadarius Toney,WR,NYG; Jimmy Garoppolo,QB,SF; 2022-01.07";"Rondale Moore,WR,ARI; Mike White,QB,NYJ; Ja'Marr Chase,WR,CIN; Zach Wilson,QB,NYJ; 2022-02.06; 2023-02; Trey Lance,QB,SF; Jaylen Waddle,WR,MIA; Kadarius Toney,WR,NYG; Jimmy Garoppolo,QB,SF; 2022-01.07";657795240152862720;435681325110784000;784412437016420352;12;24;12;1.0;1.0;6.0;722261021963681792
784605959224954880;1641432859327;44567.0655;"2022-01.11; 2022-01.10";"Jaylen Waddle,WR,MIA; Mike Gesicki,TE,MIA";"2022-01.11; 2022-01.10; Jaylen Waddle,WR,MIA; Mike Gesicki,TE,MIA";322969199464964096;468919768456359936;784509061679919104;12;28;10;0.5;1.0;6.0;737091139785629696
784628088112861184;1641432494125;44567.0613;"2022-01.09; 2023-01";"Marcus Davenport,DL,NO; Amari Cooper,WR,DAL; 2023-04";"2022-01.09; 2023-01; Marcus Davenport,DL,NO; Amari Cooper,WR,DAL; 2023-04";784228027583373312;401285873246744576;784473679533887488;12;26;9;1.0;0.0;4.0;655574037963059200
784549091169382400;1641432437084;44567.0606;"Terry McLaurin,WR,WAS; 2022-01.11";"Austin Ekeler,RB,LAC; 2023-02";"Terry McLaurin,WR,WAS; 2022-01.11; Austin Ekeler,RB,LAC; 2023-02";433894011774693376;461787678476595200;784510117054922752;12;22;10;1.0;0.0;6.0;732665219733647360
784622120922677248;1641431038054;44567.0444;"2023-01; 2023-03; 2023-02";"Odell Beckham,WR,CLE; Alvin Kamara,RB,NO";"2023-01; 2023-03; 2023-02; Odell Beckham,WR,CLE; Alvin Kamara,RB,NO";434899815076196352;451959467894894592;784535817191358464;12;30;9;0.5;0.5;4.0;650074142703472640
784619610048745472;1641430412833;44567.0372;"Josh Palmer,WR,LAC; 2023-02; 2022-02.12";"Cordarrelle Patterson,WR,ATL";"Josh Palmer,WR,LAC; 2023-02; 2022-02.12; Cordarrelle Patterson,WR,ATL";383622154505412608;549405356430036992;784412437016420352;12;24;12;1.0;1.0;6.0;722261021963681792
784618998078779392;1641430296504;44567.0358;"Myles Gaskin,RB,MIA";"K.J. Osborn,WR,MIN";"Myles Gaskin,RB,MIA; K.J. Osborn,WR,MIN";650114924193873920;593483978149777408;784458434576842752;12;28;10;0.5;2.0;3.0;650043481473007616
784616243348041728;1641430007203;44567.0325;"Amari Cooper,WR,DAL; Marcus Davenport,DL,NO; 2023-04";"JuJu Smith-Schuster,WR,PIT; 2022-01.09; 2023-01";"Amari Cooper,WR,DAL; Marcus Davenport,DL,NO; 2023-04; JuJu Smith-Schuster,WR,PIT; 2022-01.09; 2023-01";784228027583373312;401285873246744576;784473679533887488;12;26;9;1.0;0.0;4.0;655574037963059200
784558466860716032;1641424657214;44566.9706;"Trevor Lawrence,QB,JAX";"Sony Michel,RB,LAR; D'Andre Swift,RB,DET";"Trevor Lawrence,QB,JAX; Sony Michel,RB,LAR; D'Andre Swift,RB,DET";777195748138844160;457231233290596352;784558318692786176;12;21;9;1.0;1.0;6.0;657305740280688640
784588371820466176;1641424178182;44566.9650;"DeVonta Smith,WR,PHI; 2023-01";"Cam Akers,RB,LAR";"DeVonta Smith,WR,PHI; 2023-01; Cam Akers,RB,LAR";79408456180056064;332551099049316352;784471402177830912;14;25;10;1.0;0.0;4.0;683717146504695808
784574015212744704;1641420762544;44566.9255;"George Kittle,TE,SF; 2022-02.13";"Van Jefferson,WR,LAR; Terry McLaurin,WR,WAS";"George Kittle,TE,SF; 2022-02.13; Van Jefferson,WR,LAR; Terry McLaurin,WR,WAS";303238685229346816;590264227311169536;784508195161886720;14;33;10;0.7;0.0;4.0;650075308929667072
784574201045577728;1641420114934;44566.9180;"Nick Chubb,RB,CLE; 2022-03.05";"Travis Etienne,RB,JAX; Mike Evans,WR,TB";"Nick Chubb,RB,CLE; 2022-03.05; Travis Etienne,RB,JAX; Mike Evans,WR,TB";433894011774693376;414472880839987200;784512388417335296;12;23;10;1.0;1.0;6.0;650011525846773760
784568697695154176;1641418393636;44566.8981;"Nico Collins,WR,HOU; 2022-03.11; 2023-02";"Clyde Edwards-Helaire,RB,KC; 2022-04.01";"Nico Collins,WR,HOU; 2022-03.11; 2023-02; Clyde Edwards-Helaire,RB,KC; 2022-04.01";418274601877917696;478375987248099328;784477657051029504;12;25;10;1.0;0.0;6.0;666162502433849344
784561084840407040;1641416536242;44566.8766;"Najee Harris,RB,PIT; 2022-04.12; 2023-04";"2023-01; 2023-01; 2023-01";"Najee Harris,RB,PIT; 2022-04.12; 2023-04; 2023-01; 2023-01; 2023-01";389130209443454976;411903953127616512;784440023238979584;12;25;10;1.0;0.5;4.0;650164599563329536
784538863417847808;1641411223221;44566.8151;"Cooper Kupp,WR,LAR";"Kyle Pitts,TE,ATL";"Cooper Kupp,WR,LAR; Kyle Pitts,TE,ATL";696174662165536768;464980946605568000;784450983844524032;12;29;11;1.0;0.0;6.0;649989109972025344
784187361222332416;1641408470546;44566.7832;"Kadarius Toney,WR,NYG; 2022-01.11";"James Washington,WR,PIT; T.J. Hockenson,TE,DET";"Kadarius Toney,WR,NYG; 2022-01.11; James Washington,WR,PIT; T.J. Hockenson,TE,DET";668262117522108416;701698175811010560;776668827420348416;12;28;10;1.0;0.5;4.0;0
784524363469852672;1641407833142;44566.7758;"Kadarius Toney,WR,NYG";"D.J. Chark,WR,JAX; 2022-03.06";"Kadarius Toney,WR,NYG; D.J. Chark,WR,JAX; 2022-03.06";563220320386396160;457191270381514752;784479600989339648;12;32;11;0.5;0.0;4.0;653412629259337728
784515495771693056;1641406101501;44566.7558;"Miles Sanders,RB,PHI; Darnell Mooney,WR,CHI";"Mike Gesicki,TE,MIA";"Miles Sanders,RB,PHI; Darnell Mooney,WR,CHI; Mike Gesicki,TE,MIA";650114924193873920;572846538111934464;784458434576842752;12;28;10;0.5;2.0;3.0;650043481473007616
784507664427290624;1641404329736;44566.7353;"Bryan Edwards,WR,LV; Darnell Mooney,WR,CHI; Michael Carter,RB,NYJ; Jameis Winston,QB,NO; 2022-03.05";"Amon-Ra St. Brown,WR,DET; Antonio Gibson,RB,WAS; Kirk Cousins,QB,MIN";"Bryan Edwards,WR,LV; Darnell Mooney,WR,CHI; Michael Carter,RB,NYJ; Jameis Winston,QB,NO; 2022-03.05; Amon-Ra St. Brown,WR,DET; Antonio Gibson,RB,WAS; Kirk Cousins,QB,MIN";549405356430036992;465715797554098176;784412437016420352;12;24;12;1.0;1.0;6.0;722261021963681792
784502407051763712;1641402860492;44566.7183;"CeeDee Lamb,WR,DAL; 2023-04";"Amon-Ra St. Brown,WR,DET; Aaron Jones,RB,GB";"CeeDee Lamb,WR,DAL; 2023-04; Amon-Ra St. Brown,WR,DET; Aaron Jones,RB,GB";650114924193873920;593483978149777408;784458434576842752;12;28;10;0.5;2.0;3.0;650043481473007616
784499736513208320;1641401962655;44566.7079;"Russell Gage,WR,ATL; Antonio Gibson,RB,WAS; 2022-01.10; 2022-02.12";"Deshaun Watson,QB,HOU; Elijah Mitchell,RB,SF";"Russell Gage,WR,ATL; Antonio Gibson,RB,WAS; 2022-01.10; 2022-02.12; Deshaun Watson,QB,HOU; Elijah Mitchell,RB,SF";549405356430036992;459050218625691648;784412437016420352;12;24;12;1.0;1.0;6.0;722261021963681792
784499506841542656;1641401823908;44566.7063;"Mitchell Trubisky,QB,BUF";"2023-02; 2023-01";"Mitchell Trubisky,QB,BUF; 2023-02; 2023-01";389130209443454976;600799730468974592;784440023238979584;12;25;10;1.0;0.5;4.0;650164599563329536
784450182531145728;1641391430599;44566.5860;"Dalton Schultz,TE,DAL; Trey Sermon,RB,SF";"Nyheim Hines,RB,IND";"Dalton Schultz,TE,DAL; Trey Sermon,RB,SF; Nyheim Hines,RB,IND";468845698062741504;578769844854366208;784432779264942080;12;24;9;1.0;1.0;6.0;660507446342660096
784421775055413248;1641383497554;44566.4942;"Alvin Kamara,RB,NO";"2022-01.12; 2022-02.12";"Alvin Kamara,RB,NO; 2022-01.12; 2022-02.12";414510596155785216;660592763678564352;784368178624053248;12;26;10;1.0;0.5;6.0;668757155481989120
783921054988128256;1641264028239;44565.1114;"Nick Chubb,RB,CLE; 2023-01";"Trey Lance,QB,SF";"Nick Chubb,RB,CLE; 2023-01; Trey Lance,QB,SF";388540168329510912;325353732705386496;781929692692385792;12;25;10;0.3;0.7;4.0;0
783824346220249088;1641248396067;44564.9305;"Ezekiel Elliott,RB,DAL; 2022-03.10";"2022-01.07; 2023-02";"Ezekiel Elliott,RB,DAL; 2022-03.10; 2022-01.07; 2023-02";782039847165648896;540368673365622784;781929692692385792;12;25;10;0.3;0.7;4.0;0
783790685949140992;1641232843714;44564.7505;"Terry McLaurin,WR,WAS; Davante Adams,WR,GB";"CeeDee Lamb,WR,DAL; Russell Gage,WR,ATL; 2022-02.11";"Terry McLaurin,WR,WAS; Davante Adams,WR,GB; CeeDee Lamb,WR,DAL; Russell Gage,WR,ATL; 2022-02.11";540368673365622784;204018078126710784;781929692692385792;12;25;10;0.3;0.7;4.0;0
783641425169530880;1641199006173;44564.3589;"K.J. Hamler,WR,DEN; Clyde Edwards-Helaire,RB,KC; 2022-04.06";"2022-01.11; 2023-03";"K.J. Hamler,WR,DEN; Clyde Edwards-Helaire,RB,KC; 2022-04.06; 2022-01.11; 2023-03";432958507923271680;435396086039834624;782342321881612288;12;25;10;1.0;0.0;4.0;657359745396592640
783588725350400000;1641184715602;44564.1935;"DeVonta Smith,WR,PHI; 2023-03";"Terry McLaurin,WR,WAS; Mecole Hardman,WR,KC";"DeVonta Smith,WR,PHI; 2023-03; Terry McLaurin,WR,WAS; Mecole Hardman,WR,KC";604823402477350912;649752053547098112;783571964127281152;12;26;10;1.0;0.5;6.0;707041615063097344
783447291867607040;1641151000535;44563.8032;"Matthew Stafford,QB,LAR";"DeSean Jackson,WR,LAR; Jameis Winston,QB,NO; Amari Cooper,WR,DAL; 2022-04.06; 2022-04.11";"Matthew Stafford,QB,LAR; DeSean Jackson,WR,LAR; Jameis Winston,QB,NO; Amari Cooper,WR,DAL; 2022-04.06; 2022-04.11";657345855082287104;435396086039834624;782342321881612288;12;25;10;1.0;0.0;4.0;657359745396592640
782687814847475712;1640973328136;44561.7469;"Adam Thielen,WR,MIN; 2022-02.11";"Tony Pollard,RB,DAL; 2022-03.02";"Adam Thielen,WR,MIN; 2022-02.11; Tony Pollard,RB,DAL; 2022-03.02";383214739951697920;701698175811010560;776668827420348416;12;28;10;1.0;0.5;4.0;0
782282581575135232;1640889952036;44560.7819;"Deonte Harris,WR,NO; 2022-03.06";"Dan Arnold,TE,CAR; 2022-04.05";"Deonte Harris,WR,NO; 2022-03.06; Dan Arnold,TE,CAR; 2022-04.05";668262117522108416;776843075728384000;776668827420348416;12;28;10;1.0;0.5;4.0;0
775245188409978880;1639203915841;44541.2675;"Alvin Kamara,RB,NO; Aaron Rodgers,QB,GB; Zach Ertz,TE,PHI; Cole Kmet,TE,CHI";"Tyler Conklin,TE,MIN; Miles Sanders,RB,PHI; Joe Burrow,QB,CIN; Donovan Peoples-Jones,WR,CLE; 2022-02.06; 2022-03.06";"Alvin Kamara,RB,NO; Aaron Rodgers,QB,GB; Zach Ertz,TE,PHI; Cole Kmet,TE,CHI; Tyler Conklin,TE,MIN; Miles Sanders,RB,PHI; Joe Burrow,QB,CIN; Donovan Peoples-Jones,WR,CLE; 2022-02.06; 2022-03.06";475336184508182528;772081889837203456;773442354693787648;12;22;10;1.0;0.5;4.0;0
774400588568977408;1639017796339;44539.1134;"Alvin Kamara,RB,NO";"2022-01.04; 2022-02.04; 2023-01; 2023-02";"Alvin Kamara,RB,NO; 2022-01.04; 2022-02.04; 2023-01; 2023-02";772081889837203456;766067781534863360;773442354693787648;12;22;10;1.0;0.5;4.0;0
774101163275595776;1638932960800;44538.1315;"Calvin Ridley,WR,ATL; Cam Akers,RB,LAR";"DeAndre Hopkins,WR,ARI; 2022-03.02";"Calvin Ridley,WR,ATL; Cam Akers,RB,LAR; DeAndre Hopkins,WR,ARI; 2022-03.02";478375987248099328;758049961245302784;773442354693787648;12;22;10;1.0;0.5;4.0;0
773747974567321600;1638838455230;44537.0377;"2022-01.08; 2023-01; 2024-02";"Nick Chubb,RB,CLE";"2022-01.08; 2023-01; 2024-02; Nick Chubb,RB,CLE";766067781534863360;678271452687986688;773442354693787648;12;22;10;1.0;0.5;4.0;0
